2,1079035200000,5.933333333333334,1640.0,401.0,24.0,1404.0,351.0,743.0,162.66666666666666,2191.0,1654.0,9.6,67.8,0.8133
2,1079038800000,5.633333333333333,1313.0,197.0,12.8,1076.0,240.0,957.0,157.66666666666666,1707.0,1285.0,9.1,64.0,0.7419
6,1079341200000,5.266666666666667,1961.0,618.0,36.7,1701.0,478.0,537.0,117.33333333333333,2665.0,2184.0,14.8,54.3,0.9076
6,1079344800000,6.466666666666668,1771.0,438.0,26.6,1470.0,394.0,622.0,140.0,2262.0,1973.0,17.4,45.6,0.8993
6,1079348400000,6.033333333333334,1564.0,334.0,20.1,1300.0,319.0,710.0,153.66666666666666,2029.0,1798.0,19.8,38.5,0.8801
6,1079377200000,5.633333333333333,2040.0,685.0,39.2,1754.0,404.0,542.0,153.0,2679.0,2122.0,20.4,42.5,1.0086
6,1079380800000,6.866666666666666,1895.0,538.0,31.0,1573.0,320.0,565.0,171.33333333333334,2443.0,1992.0,18.3,52.6,1.0945
6,1079384400000,6.233333333333333,1595.0,319.0,19.9,1294.0,256.0,678.0,165.66666666666666,2058.0,1707.0,16.7,57.4,1.0786
8,1079514000000,5.35,1852.0,534.0,36.4,1696.0,377.0,553.0,117.5,2535.0,1931.0,14.1,50.0,0.802
8,1079517600000,5.0,1522.0,368.0,21.3,1331.0,280.0,703.0,123.0,2026.0,1734.0,17.7,40.1,0.8048
8,1079550000000,5.033333333333333,1973.0,577.0,38.4,1737.0,411.0,617.0,155.33333333333334,2414.0,2306.0,23.1,26.5,0.7403
8,1079553600000,6.433333333333334,1975.0,523.0,35.1,1667.0,347.0,597.0,178.0,2416.0,2359.0,20.5,38.2,0.9133
8,1079557200000,6.666666666666667,1795.0,472.0,27.2,1485.0,336.0,653.0,185.33333333333334,2174.0,2050.0,19.1,42.6,0.9294
8,1079560800000,5.066666666666666,1444.0,206.0,15.0,1150.0,202.0,770.0,166.0,1727.0,1727.0,17.2,44.1,0.8558
9,1079600400000,5.65,1934.0,506.0,35.8,1682.0,421.0,541.0,137.5,2468.0,2051.0,14.3,50.6,0.8186
9,1079604000000,5.266666666666667,1617.0,NaN,21.3,1333.0,349.0,686.0,141.66666666666666,2010.0,1819.0,17.8,40.5,0.821
10,1079686800000,5.5,1819.0,NaN,31.3,1582.0,357.0,575.0,161.5,2456.0,1716.0,13.6,58.8,0.912
10,1079690400000,5.0,1427.0,NaN,19.2,1275.0,253.0,701.0,157.33333333333334,1980.0,1398.0,13.9,57.1,0.9032
23,1080806400000,5.2,1722.0,1042.0,31.9,1595.0,378.0,539.0,106.5,2439.0,1798.0,11.9,60.9,0.8455
23,1080810000000,5.0,1512.0,737.0,21.0,1323.0,304.0,631.0,117.33333333333333,2001.0,1677.0,16.2,48.6,0.8892
28,1081238400000,5.35,1757.0,1084.0,33.7,1636.0,302.0,494.0,131.5,2560.0,1806.0,16.2,52.5,0.9576
28,1081242000000,5.033333333333333,1524.0,776.0,22.0,1350.0,256.0,588.0,129.33333333333334,2096.0,1604.0,18.4,46.3,0.9734
30,1081454400000,5.066666666666666,1319.0,544.0,15.8,1172.0,232.0,746.0,153.66666666666666,1699.0,1425.0,15.8,39.8,0.7096
37,1082055600000,6.133333333333333,1875.0,1189.0,33.7,1637.0,351.0,482.0,152.0,2446.0,2086.0,17.4,47.8,0.9392
37,1082059200000,6.433333333333333,1746.0,824.0,24.2,1409.0,319.0,553.0,151.66666666666666,2119.0,1898.0,16.8,49.8,0.9446
37,1082062800000,5.999999999999999,1607.0,660.0,19.8,1290.0,264.0,587.0,146.66666666666666,1960.0,1758.0,16.2,53.2,0.9723
38,1082138400000,5.2,1529.0,575.0,20.4,1309.0,270.0,627.0,141.0,2083.0,1385.0,14.0,76.3,1.2166
38,1082142000000,5.766666666666668,1689.0,783.0,26.8,1474.0,323.0,560.0,144.0,2298.0,1492.0,13.9,78.0,1.2303
38,1082145600000,5.866666666666668,1535.0,706.0,19.9,1295.0,307.0,627.0,143.33333333333334,2039.0,1380.0,13.8,78.0,1.2229
38,1082149200000,5.266666666666668,1304.0,299.0,12.5,1067.0,224.0,737.0,135.33333333333334,1811.0,1167.0,13.5,79.4,1.2224
45,1082746800000,5.199999999999999,1747.0,899.0,32.5,1608.0,281.0,557.0,167.33333333333334,2335.0,1983.0,23.1,36.7,1.0244
50,1083135600000,5.5,1689.0,754.0,30.4,1560.0,321.0,529.0,104.0,2396.0,1736.0,15.0,58.3,0.9876
50,1083182400000,5.166666666666667,1642.0,804.0,24.9,1426.0,265.0,597.0,159.0,2117.0,1720.0,21.8,43.6,1.1226
51,1083225600000,6.050000000000001,1771.0,1129.0,36.2,1690.0,368.0,461.0,110.0,2572.0,1982.0,16.1,56.5,1.0274
51,1083229200000,5.2,1408.0,475.0,18.0,1241.0,250.0,648.0,118.33333333333333,1886.0,1711.0,18.6,47.8,1.0143
51,1083265200000,5.6000000000000005,1761.0,830.0,32.6,1610.0,332.0,502.0,144.66666666666666,2488.0,2006.0,20.2,50.8,1.1924
51,1083268800000,5.3999999999999995,1524.0,435.0,19.2,1275.0,245.0,608.0,137.66666666666666,2046.0,1740.0,18.6,57.6,1.2233
63,1084262400000,5.05,1553.0,NaN,31.0,1575.0,383.0,508.0,107.5,2423.0,1779.0,14.5,59.8,0.9795
63,1084305600000,5.3,1535.0,NaN,26.1,1458.0,269.0,568.0,152.33333333333334,2120.0,1735.0,21.1,40.2,0.997
64,1084348800000,5.0,1754.0,NaN,37.4,1716.0,333.0,452.0,102.5,2667.0,1895.0,17.0,56.8,1.0909
64,1084352400000,5.033333333333333,1558.0,NaN,26.6,1469.0,336.0,525.0,108.66666666666667,2281.0,1758.0,18.8,52.4,1.1285
188,1095105600000,5.449999999999999,1418.0,NaN,26.7,1471.0,728.0,542.0,172.5,2064.0,1600.0,27.1,42.2,1.4949
190,1095274800000,5.366666666666666,1571.0,NaN,31.8,1593.0,615.0,469.0,151.66666666666666,2409.0,1686.0,25.1,55.8,1.7511
190,1095278400000,5.733333333333332,1312.0,NaN,20.1,1299.0,443.0,580.0,159.33333333333334,2016.0,1380.0,23.9,58.9,1.7276
195,1095706800000,5.7,1476.0,NaN,34.9,1663.0,681.0,473.0,203.0,2167.0,1785.0,28.1,32.4,1.2173
195,1095710400000,5.400000000000001,1167.0,NaN,19.5,1282.0,448.0,633.0,197.66666666666666,1685.0,1371.0,26.5,31.7,1.0787
196,1095750000000,5.6,1515.0,NaN,31.4,1584.0,699.0,496.0,133.0,2288.0,1591.0,18.2,66.1,1.3679
196,1095753600000,6.449999999999999,1587.0,NaN,41.2,1795.0,738.0,425.0,140.5,2531.0,1820.0,19.6,60.7,1.3713
196,1095757200000,6.066666666666666,1490.0,NaN,27.3,1487.0,665.0,508.0,147.33333333333334,2115.0,1807.0,22.6,51.4,1.392
196,1095760800000,5.666666666666667,1435.0,NaN,24.2,1408.0,598.0,537.0,166.66666666666666,1991.0,1704.0,25.8,44.2,1.4512
196,1095793200000,5.333333333333333,1422.0,NaN,28.7,1520.0,531.0,494.0,206.33333333333334,2087.0,1624.0,26.7,42.3,1.4618
196,1095796800000,5.133333333333334,1308.0,NaN,20.0,1297.0,428.0,567.0,195.66666666666666,1899.0,1454.0,24.8,49.0,1.5092
197,1095843600000,5.033333333333333,1494.0,NaN,29.0,1528.0,701.0,479.0,130.66666666666666,2201.0,1798.0,23.5,52.0,1.4833
197,1095879600000,5.1000000000000005,1387.0,NaN,26.7,1473.0,460.0,508.0,208.33333333333334,2065.0,1510.0,26.7,43.3,1.4881
202,1096268400000,5.5,1372.0,NaN,26.9,1477.0,799.0,542.0,132.0,1973.0,1556.0,15.0,57.7,0.9778
203,1096398000000,6.333333333333332,1479.0,NaN,39.3,1756.0,755.0,466.0,195.33333333333334,2165.0,1908.0,23.0,33.6,0.9302
203,1096401600000,6.233333333333332,1309.0,NaN,23.1,1379.0,524.0,555.0,196.0,1841.0,1693.0,20.9,45.8,1.1159
204,1096484400000,5.299999999999998,1467.0,NaN,34.1,1643.0,615.0,467.0,197.66666666666666,2088.0,1749.0,23.2,36.9,1.0346
204,1096488000000,5.533333333333331,1339.0,NaN,22.8,1373.0,536.0,541.0,190.0,1797.0,1585.0,21.6,43.3,1.1019
205,1096567200000,5.566666666666666,1673.0,NaN,34.0,1643.0,572.0,436.0,172.0,2259.0,1781.0,24.6,50.0,1.5241
205,1096570800000,6.166666666666667,1636.0,NaN,30.1,1553.0,514.0,449.0,178.66666666666666,2130.0,1745.0,23.6,54.4,1.5687
205,1096574400000,5.466666666666666,1468.0,NaN,20.0,1296.0,414.0,529.0,163.33333333333334,1854.0,1590.0,22.6,59.5,1.6155
212,1097175600000,5.800000000000001,1747.0,NaN,37.1,1709.0,515.0,399.0,119.33333333333333,2370.0,1876.0,24.0,50.6,1.4892
212,1097179200000,6.333333333333333,1757.0,NaN,35.7,1680.0,669.0,396.0,121.33333333333333,2280.0,1959.0,23.2,54.7,1.5296
212,1097182800000,5.5,1331.0,NaN,16.5,1194.0,326.0,559.0,112.33333333333333,1715.0,1477.0,22.3,57.1,1.5219
225,1098291600000,6.35,1884.0,NaN,43.7,1846.0,895.0,348.0,180.5,2595.0,2203.0,24.6,58.9,1.8005
225,1098295200000,6.8,1835.0,NaN,40.0,1770.0,826.0,358.0,177.66666666666666,2474.0,2073.0,23.9,61.8,1.8088
225,1098298800000,7.5,1759.0,NaN,35.9,1684.0,648.0,373.0,166.66666666666666,2378.0,1923.0,23.0,65.9,1.8319
225,1098302400000,6.833333333333333,1666.0,NaN,30.1,1553.0,629.0,409.0,145.33333333333334,2170.0,1780.0,22.4,67.7,1.8161
225,1098306000000,5.833333333333333,1506.0,NaN,22.3,1360.0,529.0,458.0,125.66666666666667,1944.0,1609.0,22.0,69.2,1.8061
226,1098388800000,5.133333333333334,1600.0,NaN,27.5,1492.0,486.0,432.0,115.0,2160.0,1665.0,24.7,58.7,1.8001
226,1098392400000,5.1000000000000005,1525.0,NaN,24.9,1427.0,439.0,450.0,110.33333333333333,2085.0,1577.0,23.6,62.2,1.7863
227,1098468000000,6.433333333333333,1808.0,NaN,40.0,1771.0,686.0,373.0,150.66666666666666,2486.0,2235.0,24.3,54.3,1.6276
227,1098471600000,6.866666666666666,1681.0,NaN,35.1,1666.0,556.0,397.0,150.0,2339.0,1998.0,23.3,58.1,1.6457
227,1098475200000,6.5666666666666655,1494.0,NaN,25.5,1443.0,467.0,454.0,139.0,2020.0,1795.0,22.3,62.5,1.6616
230,1098723600000,5.7,1816.0,NaN,46.3,1897.0,814.0,330.0,134.0,2641.0,2164.0,21.7,61.9,1.592
230,1098727200000,7.100000000000001,1824.0,NaN,44.5,1862.0,860.0,340.0,144.0,2567.0,2106.0,21.0,64.9,1.5987
230,1098730800000,8.100000000000001,1744.0,NaN,41.0,1793.0,820.0,352.0,147.66666666666666,2469.0,2007.0,20.0,68.6,1.5882
230,1098734400000,7.600000000000001,1588.0,NaN,32.5,1610.0,742.0,400.0,132.33333333333334,2230.0,1791.0,19.3,71.4,1.5805
230,1098738000000,5.966666666666669,1319.0,NaN,19.1,1273.0,492.0,511.0,111.66666666666667,1806.0,1444.0,18.5,73.4,1.5461
231,1098806400000,5.2,1669.0,NaN,32.8,1615.0,760.0,404.0,166.33333333333334,2232.0,1963.0,24.0,55.0,1.6211
231,1098810000000,6.5,1822.0,NaN,45.9,1890.0,918.0,347.0,176.0,2641.0,2161.0,23.2,58.7,1.651
231,1098813600000,7.8999999999999995,1908.0,NaN,52.1,2007.0,952.0,325.0,177.66666666666666,2775.0,2372.0,22.5,61.5,1.6579
231,1098817200000,8.033333333333333,1664.0,NaN,36.6,1699.0,685.0,385.0,167.0,2305.0,2062.0,22.2,61.0,1.6071
231,1098820800000,6.899999999999999,1465.0,NaN,24.0,1404.0,561.0,468.0,147.0,1962.0,1736.0,22.6,58.3,1.5829
233,1098982800000,5.300000000000001,1633.0,NaN,35.3,1671.0,761.0,398.0,136.66666666666666,2271.0,1852.0,20.8,64.0,1.5522
233,1098986400000,5.800000000000001,1463.0,NaN,28.2,1508.0,650.0,468.0,141.33333333333334,2092.0,1670.0,20.3,66.7,1.5656
233,1098990000000,5.033333333333334,1140.0,NaN,14.2,1122.0,262.0,619.0,129.33333333333334,1602.0,1208.0,19.7,64.5,1.4594
234,1099062000000,5.033333333333332,1338.0,NaN,18.1,1244.0,592.0,558.0,148.0,1847.0,1255.0,20.2,79.1,1.85
238,1099396800000,5.033333333333334,1426.0,NaN,25.6,1445.0,667.0,477.0,136.33333333333334,1970.0,1782.0,24.0,50.0,1.4679
238,1099400400000,5.266666666666667,1535.0,NaN,31.2,1578.0,583.0,440.0,150.66666666666666,2125.0,1921.0,25.7,45.6,1.487
238,1099404000000,5.833333333333333,1678.0,NaN,37.9,1727.0,726.0,390.0,163.66666666666666,2318.0,2039.0,25.5,49.7,1.5985
238,1099407600000,6.133333333333333,1605.0,NaN,32.3,1603.0,674.0,415.0,169.33333333333334,2199.0,1912.0,25.2,50.6,1.5989
238,1099411200000,6.3999999999999995,1559.0,NaN,31.5,1586.0,544.0,421.0,161.66666666666666,2197.0,1827.0,25.4,50.7,1.6187
238,1099414800000,6.166666666666667,1713.0,NaN,38.0,1728.0,715.0,390.0,145.0,2386.0,1919.0,24.4,56.0,1.6885
238,1099418400000,6.866666666666667,1751.0,NaN,44.1,1853.0,789.0,358.0,141.66666666666666,2496.0,2013.0,23.0,62.1,1.7283
238,1099422000000,7.566666666666667,1723.0,NaN,44.9,1869.0,737.0,359.0,139.66666666666666,2563.0,1919.0,21.8,65.3,1.6889
238,1099425600000,8.366666666666667,1778.0,NaN,48.2,1935.0,859.0,349.0,132.66666666666666,2643.0,1927.0,20.9,67.5,1.6539
238,1099429200000,7.7,1461.0,NaN,29.1,1529.0,668.0,450.0,112.0,2111.0,1573.0,20.2,68.6,1.6034
240,1099591200000,8.7,1882.0,NaN,47.5,1920.0,1014.0,328.0,171.0,2609.0,2204.0,23.1,61.1,1.7082
240,1099594800000,7.25,1589.0,NaN,33.0,1619.0,633.0,406.0,147.5,2216.0,1780.0,22.2,63.7,1.6865
240,1099598400000,6.266666666666667,1463.0,NaN,27.2,1484.0,485.0,443.0,130.66666666666666,2011.0,1590.0,21.1,66.1,1.6313
241,1099652400000,5.1,1458.0,NaN,24.2,1408.0,710.0,471.0,131.66666666666666,1889.0,1664.0,20.7,55.5,1.3414
241,1099674000000,5.8,1870.0,NaN,45.0,1871.0,1001.0,351.0,154.0,2483.0,2165.0,23.0,54.2,1.5066
241,1099677600000,7.033333333333332,1774.0,NaN,42.8,1829.0,852.0,359.0,159.33333333333334,2457.0,2152.0,21.4,60.9,1.5322
241,1099681200000,6.566666666666666,1388.0,NaN,22.4,1363.0,370.0,485.0,146.33333333333334,1815.0,1556.0,20.3,61.4,1.4417
247,1100167200000,5.1000000000000005,1417.0,NaN,24.1,1407.0,1110.0,490.0,197.0,1709.0,1488.0,10.2,82.3,1.0253
247,1100170800000,5.566666666666667,1392.0,NaN,21.0,1325.0,1145.0,511.0,198.33333333333334,1631.0,1465.0,11.2,80.7,1.0688
253,1100710800000,5.300000000000001,1659.0,NaN,35.9,1685.0,1290.0,423.0,213.66666666666666,1946.0,2155.0,16.0,41.5,0.7483
253,1100714400000,7.366666666666667,1802.0,NaN,47.7,1924.0,748.0,356.0,211.66666666666666,2235.0,2452.0,13.7,52.8,0.8244
253,1100718000000,8.200000000000001,1549.0,NaN,30.1,1553.0,1148.0,446.0,250.66666666666666,1796.0,2032.0,13.0,55.1,0.824
253,1100721600000,7.033333333333334,1407.0,NaN,22.0,1351.0,729.0,516.0,244.66666666666666,1557.0,1751.0,12.4,56.8,0.8141
253,1100725200000,5.2666666666666675,1374.0,NaN,19.0,1268.0,810.0,536.0,269.6666666666667,1531.0,1675.0,10.7,62.1,0.7972
254,1100772000000,5.233333333333333,1446.0,NaN,22.9,1374.0,1195.0,499.0,252.0,1560.0,1818.0,11.4,58.3,0.7868
254,1100775600000,5.3,1416.0,NaN,20.2,1302.0,1120.0,526.0,269.6666666666667,1471.0,1826.0,13.4,52.8,0.8086
255,1100854800000,5.35,1436.0,NaN,22.7,1371.0,548.0,458.0,192.5,1808.0,1626.0,15.2,62.2,1.0641
255,1100858400000,5.433333333333333,1354.0,NaN,16.7,1201.0,588.0,529.0,192.66666666666666,1593.0,1538.0,16.1,59.2,1.0736
255,1100880000000,5.133333333333332,1375.0,NaN,18.3,1247.0,583.0,531.0,209.0,1650.0,1375.0,18.3,52.8,1.1016
255,1100883600000,6.033333333333331,1553.0,NaN,24.4,1414.0,760.0,455.0,212.0,1851.0,1682.0,17.7,56.6,1.133
255,1100887200000,6.766666666666665,1521.0,NaN,25.0,1430.0,691.0,449.0,200.33333333333334,1907.0,1761.0,17.3,58.2,1.1435
255,1100890800000,7.666666666666664,1623.0,NaN,29.8,1547.0,832.0,414.0,189.33333333333334,2040.0,1883.0,16.2,62.6,1.1455
255,1100894400000,8.033333333333331,1510.0,NaN,27.9,1501.0,881.0,456.0,186.66666666666666,1901.0,1855.0,15.2,57.5,0.9829
255,1100898000000,7.0666666666666655,837.0,NaN,6.5,835.0,390.0,896.0,173.0,960.0,1078.0,14.2,27.7,0.4451
255,1100901600000,5.166666666666665,667.0,NaN,3.6,689.0,207.0,1210.0,150.33333333333334,709.0,620.0,13.4,14.3,0.2185
258,1101150000000,5.733333333333334,1766.0,NaN,37.6,1720.0,1345.0,361.0,228.0,1881.0,2515.0,9.1,53.8,0.6216
258,1101153600000,6.566666666666667,1706.0,NaN,33.9,1641.0,1218.0,381.0,241.33333333333334,1778.0,2522.0,8.9,54.2,0.6183
258,1101157200000,5.566666666666667,1472.0,NaN,22.4,1361.0,884.0,462.0,225.0,1455.0,2334.0,8.5,54.2,0.6054
259,1101204000000,5.6000000000000005,1702.0,NaN,31.5,1585.0,1188.0,422.0,160.66666666666666,1960.0,1967.0,10.7,76.2,0.9798
259,1101207600000,5.766666666666667,1552.0,NaN,24.1,1406.0,1045.0,478.0,176.0,1749.0,1862.0,11.8,72.2,0.9948
259,1101211200000,5.633333333333334,1590.0,NaN,26.5,1466.0,999.0,448.0,188.66666666666666,1831.0,2003.0,13.3,66.9,1.0163
259,1101214800000,5.233333333333334,1640.0,NaN,27.1,1480.0,955.0,432.0,194.66666666666666,1865.0,2041.0,13.8,67.0,1.0513
259,1101218400000,6.000000000000001,1769.0,NaN,33.2,1624.0,1189.0,396.0,210.66666666666666,2041.0,2202.0,13.9,67.6,1.0666
259,1101222000000,5.9333333333333345,1581.0,NaN,25.5,1442.0,933.0,435.0,212.0,1839.0,1966.0,14.2,66.8,1.073
259,1101225600000,5.900000000000001,1658.0,NaN,27.1,1482.0,898.0,419.0,207.0,1893.0,2030.0,14.2,67.8,1.0879
259,1101229200000,5.900000000000001,1821.0,NaN,35.4,1673.0,1201.0,371.0,201.0,2119.0,2201.0,13.6,71.0,1.1018
259,1101232800000,7.600000000000001,1982.0,NaN,49.5,1959.0,1369.0,322.0,209.33333333333334,2536.0,2386.0,13.2,72.6,1.0936
259,1101236400000,9.800000000000002,2008.0,NaN,50.6,1980.0,1389.0,325.0,220.66666666666666,2562.0,2342.0,12.4,74.7,1.0741
259,1101240000000,11.200000000000003,1918.0,NaN,49.4,1958.0,1358.0,335.0,212.33333333333334,2477.0,2237.0,11.5,76.2,1.0324
259,1101243600000,10.56666666666667,1693.0,NaN,31.7,1590.0,1189.0,412.0,196.0,1949.0,2025.0,10.4,79.3,0.9993
259,1101247200000,8.16666666666667,1495.0,NaN,21.8,1345.0,866.0,467.0,171.66666666666666,1649.0,1853.0,10.0,82.5,1.015
259,1101250800000,5.6666666666666705,1449.0,NaN,19.8,1291.0,718.0,482.0,154.33333333333334,1580.0,1817.0,10.0,82.6,1.0163
260,1101322800000,5.799999999999998,1592.0,NaN,33.3,1627.0,936.0,401.0,167.33333333333334,1957.0,1902.0,10.2,80.4,1.0003
260,1101326400000,7.099999999999999,1669.0,NaN,36.0,1686.0,1074.0,384.0,171.33333333333334,2066.0,1961.0,10.1,79.3,0.9795
260,1101330000000,6.833333333333332,1429.0,NaN,23.9,1401.0,812.0,475.0,163.66666666666666,1698.0,1689.0,10.0,76.1,0.9329
260,1101333600000,6.0666666666666655,1354.0,NaN,19.0,1269.0,773.0,506.0,155.33333333333334,1530.0,1580.0,8.6,82.3,0.9198
262,1101459600000,5.05,1521.0,NaN,26.6,1470.0,960.0,456.0,143.0,1857.0,1727.0,10.6,72.7,0.9272
262,1101463200000,5.233333333333333,1562.0,NaN,26.1,1458.0,1056.0,458.0,161.0,1770.0,2021.0,12.4,64.8,0.931
262,1101466800000,5.133333333333333,1392.0,NaN,16.4,1192.0,856.0,543.0,176.33333333333334,1508.0,1795.0,13.7,59.9,0.9335
262,1101481200000,5.199999999999999,1589.0,NaN,24.1,1407.0,932.0,556.0,202.33333333333334,1757.0,1972.0,15.8,57.9,1.0292
262,1101484800000,5.633333333333333,1704.0,NaN,29.1,1531.0,1071.0,507.0,208.0,1904.0,2098.0,15.7,58.9,1.0432
262,1101488400000,6.333333333333333,1822.0,NaN,36.0,1686.0,1134.0,387.0,216.33333333333334,2077.0,2244.0,15.5,61.2,1.067
262,1101492000000,8.0,1956.0,NaN,45.2,1877.0,1389.0,347.0,233.66666666666666,2338.0,2465.0,15.5,62.8,1.0979
262,1101495600000,8.066666666666668,1676.0,NaN,30.7,1568.0,866.0,444.0,219.33333333333334,1983.0,2096.0,15.6,64.9,1.1396
262,1101499200000,8.066666666666668,1834.0,NaN,37.7,1723.0,947.0,400.0,197.33333333333334,2204.0,2190.0,15.1,67.0,1.1394
262,1101502800000,7.400000000000001,1759.0,NaN,31.6,1588.0,1155.0,437.0,180.66666666666666,1971.0,2234.0,14.6,67.7,1.1164
262,1101506400000,6.833333333333335,1518.0,NaN,19.9,1293.0,798.0,515.0,180.66666666666666,1602.0,2048.0,13.8,67.8,1.0609
262,1101510000000,5.700000000000002,1502.0,NaN,18.6,1256.0,696.0,560.0,176.33333333333334,1568.0,2044.0,13.4,69.0,1.0579
263,1101582000000,5.000000000000001,1514.0,NaN,21.3,1334.0,703.0,489.0,139.0,1755.0,1614.0,14.0,74.6,1.1865
263,1101585600000,5.266666666666667,1567.0,NaN,23.5,1392.0,764.0,470.0,132.0,1821.0,1637.0,13.3,75.8,1.1506
265,1101722400000,5.466666666666668,1573.0,NaN,28.3,1511.0,1044.0,531.0,143.66666666666666,1916.0,1927.0,13.8,68.5,1.0718
265,1101726000000,6.266666666666668,1705.0,NaN,30.5,1562.0,1172.0,473.0,181.0,1988.0,2197.0,14.9,64.9,1.0929
265,1101729600000,5.966666666666669,1551.0,NaN,23.0,1377.0,1000.0,564.0,190.66666666666666,1734.0,2038.0,15.3,63.2,1.0898
266,1101841200000,5.0,1408.0,NaN,28.0,1502.0,692.0,640.0,160.0,1843.0,1598.0,11.6,64.3,0.8789
266,1101844800000,6.1000000000000005,1471.0,NaN,30.3,1559.0,731.0,605.0,168.33333333333334,1939.0,1669.0,11.5,68.0,0.9207
266,1101848400000,5.733333333333334,1157.0,NaN,12.4,1063.0,491.0,905.0,168.66666666666666,1394.0,1223.0,10.7,73.9,0.9502
267,1101916800000,5.4333333333333345,1544.0,NaN,25.7,1446.0,987.0,1070.0,170.33333333333334,1834.0,1679.0,12.7,77.1,1.1251
267,1101920400000,5.600000000000001,1566.0,NaN,26.8,1474.0,985.0,1049.0,169.0,1887.0,1681.0,12.3,79.7,1.1342
267,1101924000000,6.4333333333333345,1547.0,NaN,29.2,1532.0,1040.0,1009.0,176.66666666666666,1972.0,1718.0,12.3,78.8,1.1279
267,1101927600000,5.566666666666667,1124.0,NaN,11.9,1047.0,401.0,1401.0,161.66666666666666,1419.0,1193.0,12.5,72.6,1.0489
268,1102010400000,5.533333333333332,1707.0,NaN,37.6,1721.0,1001.0,375.0,153.0,2260.0,1940.0,15.8,70.7,1.2601
268,1102014000000,7.333333333333333,1816.0,NaN,43.9,1851.0,1184.0,341.0,164.33333333333334,2405.0,2069.0,15.4,73.0,1.2688
268,1102017600000,8.3,1713.0,NaN,36.6,1699.0,1020.0,371.0,167.66666666666666,2196.0,1943.0,15.4,73.0,1.2648
268,1102021200000,7.9333333333333345,1646.0,NaN,30.8,1570.0,964.0,401.0,162.0,2049.0,1846.0,15.3,73.6,1.2691
268,1102024800000,6.366666666666668,1468.0,NaN,22.0,1351.0,741.0,472.0,147.33333333333334,1783.0,1611.0,15.1,74.3,1.2623
268,1102028400000,5.366666666666668,1443.0,NaN,20.9,1323.0,757.0,486.0,132.0,1760.0,1487.0,14.2,78.0,1.254
269,1102096800000,5.533333333333334,1482.0,NaN,24.0,1404.0,634.0,463.0,152.33333333333334,1883.0,1657.0,16.5,71.7,1.3358
269,1102100400000,5.633333333333334,1501.0,NaN,23.6,1392.0,575.0,476.0,145.0,1832.0,1645.0,15.7,72.7,1.2872
269,1102104000000,5.366666666666667,1601.0,NaN,30.7,1568.0,738.0,422.0,131.33333333333334,2111.0,1729.0,15.0,74.4,1.2593
269,1102107600000,5.733333333333334,1421.0,NaN,20.9,1320.0,739.0,496.0,131.33333333333334,1804.0,1556.0,14.6,75.2,1.2405
269,1102111200000,5.1000000000000005,1232.0,NaN,12.7,1074.0,472.0,606.0,124.33333333333333,1504.0,1317.0,14.0,75.7,1.2051
278,1102874400000,5.2,1604.0,NaN,25.4,1438.0,968.0,466.0,181.33333333333334,1650.0,2018.0,12.2,53.9,0.7617
278,1102878000000,5.3,1352.0,NaN,16.4,1191.0,658.0,570.0,178.33333333333334,1362.0,1796.0,11.6,51.2,0.6965
279,1102960800000,6.766666666666666,1881.0,NaN,50.8,1983.0,1479.0,334.0,228.33333333333334,2271.0,2523.0,12.6,55.9,0.8142
279,1102964400000,7.5666666666666655,1633.0,NaN,35.6,1677.0,1018.0,400.0,234.66666666666666,1880.0,2188.0,11.7,60.8,0.8336
279,1102968000000,7.033333333333332,1391.0,NaN,21.5,1338.0,729.0,509.0,223.0,1514.0,1816.0,11.5,60.9,0.8249
280,1103043600000,5.266666666666667,NaN,NaN,NaN,NaN,1159.0,NaN,210.33333333333334,NaN,NaN,NaN,NaN,NaN
280,1103047200000,7.266666666666667,NaN,NaN,NaN,NaN,1310.0,NaN,230.33333333333334,NaN,NaN,NaN,NaN,NaN
280,1103050800000,8.033333333333333,NaN,NaN,NaN,NaN,1037.0,NaN,237.66666666666666,NaN,NaN,NaN,NaN,NaN
280,1103054400000,7.333333333333335,NaN,NaN,NaN,NaN,791.0,NaN,207.66666666666666,NaN,NaN,NaN,NaN,NaN
280,1103058000000,5.600000000000001,NaN,NaN,NaN,NaN,670.0,NaN,174.33333333333334,NaN,NaN,NaN,NaN,NaN
281,1103130000000,5.1,NaN,NaN,NaN,NaN,1237.0,NaN,196.0,NaN,NaN,NaN,NaN,NaN
281,1103133600000,6.199999999999999,NaN,NaN,NaN,NaN,1137.0,NaN,206.33333333333334,NaN,NaN,NaN,NaN,NaN
281,1103137200000,5.833333333333333,NaN,NaN,NaN,NaN,484.0,NaN,193.33333333333334,NaN,NaN,NaN,NaN,NaN
282,1103212800000,5.2666666666666675,NaN,NaN,NaN,NaN,1182.0,NaN,221.66666666666666,NaN,NaN,NaN,NaN,NaN
282,1103216400000,5.166666666666668,NaN,NaN,NaN,NaN,1089.0,NaN,223.33333333333334,NaN,NaN,NaN,NaN,NaN
282,1103220000000,6.066666666666667,NaN,NaN,NaN,NaN,1186.0,NaN,228.0,NaN,NaN,NaN,NaN,NaN
282,1103223600000,7.100000000000001,NaN,NaN,NaN,NaN,1235.0,NaN,225.0,NaN,NaN,NaN,NaN,NaN
282,1103227200000,8.4,NaN,NaN,NaN,NaN,1253.0,NaN,225.66666666666666,NaN,NaN,NaN,NaN,NaN
282,1103230800000,8.766666666666667,NaN,NaN,NaN,NaN,1237.0,NaN,216.33333333333334,NaN,NaN,NaN,NaN,NaN
282,1103234400000,7.7,NaN,NaN,NaN,NaN,1060.0,NaN,202.66666666666666,NaN,NaN,NaN,NaN,NaN
282,1103238000000,6.1000000000000005,NaN,NaN,NaN,NaN,873.0,NaN,187.33333333333334,NaN,NaN,NaN,NaN,NaN
283,1103277600000,5.133333333333333,NaN,NaN,NaN,NaN,937.0,NaN,150.66666666666666,NaN,NaN,NaN,NaN,NaN
283,1103281200000,5.466666666666666,NaN,NaN,NaN,NaN,963.0,NaN,171.0,NaN,NaN,NaN,NaN,NaN
289,1103824800000,6.466666666666666,1630.0,NaN,33.1,1622.0,1089.0,421.0,210.66666666666666,1757.0,2238.0,8.0,45.9,0.4936
289,1103828400000,7.933333333333333,1704.0,NaN,36.1,1689.0,1070.0,402.0,232.33333333333334,1820.0,2480.0,7.1,50.3,0.51
289,1103832000000,8.766666666666666,1701.0,NaN,36.3,1692.0,1220.0,402.0,247.0,1832.0,2415.0,6.2,56.9,0.5419
289,1103835600000,8.333333333333332,1564.0,NaN,26.3,1462.0,1076.0,472.0,240.66666666666666,1574.0,2181.0,6.3,57.9,0.5575
289,1103839200000,7.099999999999999,1441.0,NaN,20.6,1314.0,825.0,517.0,225.33333333333334,1389.0,2051.0,6.2,56.8,0.5421
289,1103842800000,5.466666666666666,1376.0,NaN,17.0,1209.0,740.0,549.0,204.66666666666666,1283.0,2041.0,6.1,54.7,0.5201
290,1103882400000,5.833333333333333,1462.0,NaN,18.8,1263.0,750.0,510.0,161.33333333333334,1421.0,2082.0,6.7,59.7,0.589
290,1103886000000,6.3999999999999995,1448.0,NaN,18.8,1263.0,747.0,511.0,166.66666666666666,1428.0,1971.0,7.2,58.6,0.5986
290,1103889600000,6.366666666666667,1419.0,NaN,18.5,1254.0,670.0,524.0,167.33333333333334,1406.0,1950.0,8.0,55.9,0.6018
290,1103893200000,6.466666666666668,1561.0,NaN,24.8,1425.0,772.0,465.0,176.33333333333334,1624.0,2101.0,9.8,52.4,0.6349
290,1103896800000,6.9333333333333345,1558.0,NaN,22.9,1375.0,792.0,471.0,193.66666666666666,1563.0,2112.0,10.5,51.1,0.6503
290,1103900400000,6.966666666666669,1438.0,NaN,16.9,1208.0,626.0,528.0,206.0,1405.0,1962.0,10.8,52.4,0.6767
290,1103904000000,6.900000000000002,1532.0,NaN,22.2,1356.0,678.0,474.0,204.66666666666666,1610.0,2033.0,10.6,55.3,0.7058
290,1103907600000,6.533333333333335,1522.0,NaN,21.5,1337.0,706.0,479.0,196.33333333333334,1578.0,2034.0,10.4,57.0,0.7167
290,1103911200000,6.733333333333335,1514.0,NaN,21.5,1338.0,668.0,474.0,186.66666666666666,1598.0,2018.0,10.2,58.3,0.7256
290,1103914800000,6.6333333333333355,NaN,NaN,NaN,NaN,641.0,NaN,178.33333333333334,NaN,NaN,NaN,NaN,NaN
290,1103918400000,6.6333333333333355,NaN,NaN,NaN,NaN,649.0,NaN,171.0,NaN,NaN,NaN,NaN,NaN
290,1103922000000,6.266666666666668,NaN,NaN,NaN,NaN,521.0,NaN,165.0,NaN,NaN,NaN,NaN,NaN
290,1103925600000,5.9333333333333345,NaN,NaN,NaN,NaN,487.0,NaN,156.66666666666666,NaN,NaN,NaN,NaN,NaN
290,1103929200000,5.400000000000001,NaN,NaN,NaN,NaN,453.0,NaN,150.66666666666666,NaN,NaN,NaN,NaN,NaN
291,1103932800000,5.9,1505.0,NaN,15.6,1168.0,567.0,525.0,169.0,1447.0,2066.0,9.4,66.1,0.7816
291,1103936400000,5.75,1458.0,NaN,14.2,1123.0,527.0,540.0,166.5,1395.0,2030.0,9.6,65.9,0.7869
291,1103940000000,5.666666666666667,1431.0,NaN,13.5,1100.0,503.0,553.0,162.33333333333334,1385.0,1913.0,9.5,66.2,0.7882
291,1104004800000,5.2,1739.0,NaN,21.3,1333.0,821.0,460.0,176.0,1689.0,1832.0,11.3,78.3,1.0455
291,1104008400000,5.2,1523.0,NaN,14.5,1132.0,538.0,541.0,160.0,1488.0,1470.0,10.3,82.8,1.0369
291,1104012000000,5.1000000000000005,1543.0,NaN,15.8,1174.0,513.0,521.0,145.66666666666666,1542.0,1494.0,10.4,82.5,1.0406
302,1104926400000,5.3,1741.0,NaN,25.3,1438.0,1130.0,416.0,196.66666666666666,1741.0,2159.0,12.8,60.1,0.882
302,1104930000000,5.666666666666667,1680.0,NaN,25.2,1434.0,977.0,417.0,207.66666666666666,1790.0,2005.0,13.4,62.4,0.9513
304,1105128000000,5.233333333333333,1411.0,NaN,20.5,1311.0,707.0,487.0,172.33333333333334,1589.0,1537.0,6.5,80.0,0.7789
304,1105131600000,5.166666666666667,1387.0,NaN,17.7,1231.0,737.0,523.0,164.33333333333334,1487.0,1463.0,5.8,83.8,0.7768
309,1105560000000,5.333333333333333,1526.0,NaN,27.5,1492.0,716.0,428.0,175.0,1883.0,1770.0,13.1,62.9,0.943
309,1105563600000,5.733333333333334,1495.0,NaN,23.3,1386.0,782.0,457.0,175.0,1736.0,1734.0,12.0,67.5,0.9467
309,1105567200000,5.033333333333334,1333.0,NaN,15.2,1154.0,550.0,534.0,167.0,1441.0,1647.0,10.7,70.9,0.9113
311,1105689600000,5.0,1472.0,NaN,24.5,1418.0,756.0,459.0,159.0,1681.0,1554.0,6.8,74.8,0.7423
311,1105729200000,5.5,1512.0,NaN,26.4,1463.0,765.0,435.0,194.0,1720.0,1802.0,7.9,77.1,0.8223
311,1105732800000,5.766666666666667,1496.0,NaN,25.7,1447.0,715.0,435.0,191.33333333333334,1710.0,1796.0,8.3,75.0,0.8253
311,1105736400000,5.533333333333334,1360.0,NaN,18.2,1246.0,716.0,513.0,189.0,1504.0,1600.0,8.2,75.2,0.8185
314,1105984800000,5.300000000000001,1683.0,NaN,43.0,1831.0,1216.0,374.0,215.66666666666666,1964.0,2331.0,9.2,39.3,0.4573
314,1105988400000,7.1000000000000005,1615.0,NaN,37.2,1712.0,1230.0,384.0,230.0,1811.0,2312.0,7.8,48.1,0.5115
314,1105992000000,6.966666666666668,1256.0,NaN,16.7,1201.0,582.0,563.0,226.0,1251.0,1699.0,7.2,50.6,0.517
314,1105995600000,5.1000000000000005,1205.0,NaN,13.4,1098.0,460.0,610.0,192.66666666666666,1170.0,1587.0,6.0,53.3,0.5008
315,1106074800000,5.1000000000000005,1582.0,NaN,26.0,1455.0,875.0,423.0,223.66666666666666,1725.0,1813.0,5.1,83.0,0.7352
318,1106341200000,5.65,1804.0,NaN,35.7,1679.0,1200.0,370.0,243.5,2005.0,2210.0,9.4,69.1,0.815
328,1107198000000,5.666666666666667,1486.0,NaN,30.8,1570.0,954.0,455.0,261.0,1557.0,2179.0,8.6,29.8,0.3344
328,1107201600000,6.566666666666666,1523.0,NaN,29.2,1533.0,984.0,456.0,279.0,1532.0,2214.0,7.3,36.8,0.3771
328,1107205200000,5.766666666666667,1283.0,NaN,15.0,1149.0,586.0,587.0,267.3333333333333,1148.0,1799.0,6.3,39.4,0.3795
330,1107338400000,5.433333333333333,1416.0,NaN,19.6,1285.0,824.0,501.0,209.33333333333334,1390.0,1809.0,5.8,53.1,0.4942
330,1107342000000,5.533333333333332,1337.0,NaN,14.8,1143.0,693.0,560.0,219.66666666666666,1236.0,1769.0,9.7,40.1,0.4832
330,1107374400000,5.5,1470.0,NaN,31.4,1584.0,771.0,436.0,186.33333333333334,1641.0,2033.0,8.2,36.2,0.3953
330,1107378000000,5.266666666666667,1281.0,NaN,15.6,1168.0,655.0,571.0,200.0,1195.0,1756.0,6.7,39.6,0.3906
331,1107457200000,5.166666666666667,1655.0,NaN,29.0,1527.0,966.0,393.0,210.33333333333334,1758.0,2203.0,10.3,52.4,0.6578
331,1107460800000,5.666666666666667,1444.0,NaN,17.6,1227.0,646.0,485.0,230.66666666666666,1414.0,1891.0,9.3,55.5,0.6503
338,1108065600000,6.266666666666666,NaN,NaN,NaN,NaN,1028.0,NaN,242.66666666666666,NaN,NaN,NaN,NaN,NaN
338,1108069200000,6.366666666666666,NaN,NaN,NaN,NaN,605.0,NaN,248.0,NaN,NaN,NaN,NaN,NaN
338,1108072800000,5.199999999999999,NaN,NaN,NaN,NaN,345.0,NaN,231.66666666666666,NaN,NaN,NaN,NaN,NaN
339,1108116000000,5.033333333333333,NaN,NaN,NaN,NaN,747.0,NaN,284.6666666666667,NaN,NaN,NaN,NaN,NaN
339,1108119600000,5.333333333333333,NaN,NaN,NaN,NaN,746.0,NaN,287.6666666666667,NaN,NaN,NaN,NaN,NaN
339,1108130400000,5.166666666666667,NaN,NaN,NaN,NaN,872.0,NaN,258.6666666666667,NaN,NaN,NaN,NaN,NaN
339,1108134000000,5.766666666666666,NaN,NaN,NaN,NaN,1054.0,NaN,279.3333333333333,NaN,NaN,NaN,NaN,NaN
339,1108137600000,6.333333333333332,NaN,NaN,NaN,NaN,1218.0,NaN,309.0,NaN,NaN,NaN,NaN,NaN
339,1108141200000,6.599999999999999,NaN,NaN,NaN,NaN,1227.0,NaN,326.0,NaN,NaN,NaN,NaN,NaN
339,1108144800000,6.733333333333332,NaN,NaN,NaN,NaN,1061.0,NaN,316.6666666666667,NaN,NaN,NaN,NaN,NaN
339,1108148400000,6.733333333333332,NaN,NaN,NaN,NaN,1075.0,NaN,299.6666666666667,NaN,NaN,NaN,NaN,NaN
339,1108152000000,6.166666666666665,NaN,NaN,NaN,NaN,641.0,NaN,262.6666666666667,NaN,NaN,NaN,NaN,NaN
339,1108155600000,5.333333333333332,1521.0,NaN,16.8,1203.0,490.0,476.0,237.0,1400.0,2141.0,8.5,50.9,0.5664
340,1108238400000,5.099999999999999,1846.0,NaN,26.8,1474.0,952.0,389.0,254.66666666666666,1712.0,2426.0,11.4,55.4,0.7471
340,1108242000000,5.3,1795.0,NaN,23.2,1382.0,894.0,410.0,259.3333333333333,1609.0,2355.0,11.1,56.9,0.7506
340,1108245600000,5.3,1755.0,NaN,22.0,1352.0,839.0,417.0,256.0,1587.0,2375.0,10.2,60.0,0.7461
365,1110358800000,5.15,1508.0,NaN,27.0,1479.0,900.0,419.0,202.5,1685.0,2014.0,5.7,52.5,0.4851
365,1110398400000,5.0,1552.0,NaN,24.4,1413.0,682.0,407.0,191.33333333333334,1724.0,2088.0,11.5,53.9,0.7312
365,1110402000000,5.566666666666666,1510.0,NaN,20.0,1297.0,679.0,458.0,199.33333333333334,1606.0,1945.0,10.6,58.8,0.7512
370,1110826800000,5.1,1626.0,NaN,29.1,1531.0,782.0,371.0,212.0,1937.0,2000.0,16.7,43.4,0.8168
370,1110830400000,6.133333333333333,1639.0,NaN,28.3,1510.0,728.0,378.0,228.66666666666666,1904.0,2001.0,15.9,47.9,0.8573
370,1110834000000,5.666666666666667,1346.0,NaN,14.2,1124.0,510.0,502.0,217.66666666666666,1490.0,1598.0,15.3,52.6,0.906
371,1110916800000,5.866666666666667,1710.0,NaN,33.5,1632.0,841.0,346.0,229.0,2028.0,2140.0,16.4,41.9,0.7759
371,1110920400000,6.466666666666668,1515.0,NaN,19.9,1295.0,754.0,435.0,241.33333333333334,1615.0,1871.0,14.9,47.6,0.8003
371,1110924000000,5.133333333333334,1199.0,NaN,8.4,916.0,350.0,613.0,218.33333333333334,1227.0,1435.0,13.8,49.6,0.7793
374,1111176000000,5.000000000000001,1545.0,NaN,24.0,1403.0,571.0,407.0,229.33333333333334,1743.0,1821.0,16.7,42.5,0.8002
374,1111179600000,5.266666666666668,1477.0,NaN,18.3,1247.0,643.0,456.0,234.66666666666666,1562.0,1733.0,15.5,48.3,0.8439
377,1111435200000,5.6333333333333355,1537.0,NaN,25.7,1446.0,638.0,392.0,218.0,1855.0,1840.0,17.2,52.7,1.0285
377,1111438800000,5.400000000000002,1315.0,NaN,14.3,1126.0,433.0,498.0,213.0,1537.0,1474.0,15.3,61.0,1.054
379,1111608000000,5.766666666666667,1663.0,NaN,32.0,1597.0,874.0,366.0,212.66666666666666,1906.0,2159.0,19.5,35.6,0.7978
379,1111611600000,5.766666666666667,1445.0,NaN,18.8,1263.0,551.0,464.0,217.0,1500.0,1844.0,18.8,37.3,0.8031
380,1111694400000,5.366666666666668,1818.0,NaN,35.5,1675.0,847.0,330.0,195.0,2143.0,2129.0,18.8,49.1,1.0538
380,1111698000000,6.1333333333333355,1667.0,NaN,24.2,1410.0,691.0,383.0,211.0,1818.0,1948.0,18.2,52.2,1.0795
380,1111701600000,5.500000000000003,1549.0,NaN,17.8,1233.0,590.0,424.0,202.66666666666666,1648.0,1804.0,17.4,57.3,1.1288
381,1111780800000,5.366666666666666,1605.0,NaN,23.7,1397.0,604.0,420.0,186.33333333333334,1891.0,1710.0,18.8,58.3,1.2514
381,1111784400000,5.033333333333332,1460.0,NaN,16.7,1201.0,486.0,466.0,180.0,1685.0,1591.0,18.2,61.0,1.2634
