LCLid,stdorToU,timestamp,KWH_day,KWH_max_30min,KWH_median_30min
MAC000002,Std,1349996400000,7.098,0.886,0.1385
MAC000003,Std,1349996400000,13.434,1.437,0.165
MAC000004,Std,1349996400000,1.522,0.249,0
MAC000006,Std,1349996400000,4.074,0.445,0.069
MAC000007,Std,1349996400000,6.335,0.607,0.0765
MAC000008,Std,1349996400000,23.159,1.281,0.486
MAC000009,Std,1349996400000,8.153,0.765,0.161
MAC000010,Std,1349996400000,22.8919999,2.2079999,0.2905
MAC000012,Std,1349996400000,1.168,0.055,0.0175
MAC000013,Std,1349996400000,7.513,0.344,0.133
MAC000016,Std,1349996400000,0.145,0.01,0
MAC000018,Std,1349996400000,12.315,0.707,0.1595
MAC000019,Std,1349996400000,6.465,0.57,0.112
MAC000020,Std,1349996400000,9.605,1.143,0.0965
MAC000021,Std,1349996400000,26.139,1.426,0.413
MAC000022,Std,1349996400000,6.314,0.698,0.1
MAC000023,Std,1349996400000,17.928,1.127,0.3245
MAC000024,Std,1349996400000,17.103,2.224,0.1665
MAC000025,Std,1349996400000,4.228,1.165,0.0305
MAC000026,Std,1349996400000,22.701,1.177,0.39
MAC000027,Std,1349996400000,6.88,0.43,0.112
MAC000028,Std,1349996400000,6.457,0.299,0.111
MAC000029,Std,1349996400000,5.042,1.191,0.054
MAC000030,Std,1349996400000,7.141,0.433,0.1325
MAC000032,Std,1349996400000,11.413,0.738,0.2275
MAC000033,Std,1349996400000,7.231,0.43,0.137
MAC000034,Std,1349996400000,7.599,0.312,0.157
MAC000035,Std,1349996400000,14.969,0.948,0.2675
MAC000036,Std,1349996400000,2.928,0.271,0.043
MAC000037,Std,1349996400000,0,0,0
MAC000038,Std,1349996400000,8.169,0.441,0.1595
MAC000039,Std,1349996400000,9.199,1.016,0.108
MAC000040,Std,1349996400000,19.096,0.962,0.3925
MAC000041,Std,1349996400000,7.117,0.668,0.0665
MAC000042,Std,1349996400000,16.08,1.474,0.2755
MAC000043,Std,1349996400000,2.749,0.142,0.0475
MAC000045,Std,1349996400000,20.861,1.673,0.2465
MAC000047,Std,1349996400000,5.904,0.241,0.147
MAC000049,Std,1349996400000,34.9759998,3.7809999,0.475
MAC000050,Std,1349996400000,22.2679999,1.5599999,0.3125
MAC000053,Std,1349996400000,8.428,0.993,0.082
MAC000054,Std,1349996400000,9.484,0.644,0.1805
MAC000055,Std,1349996400000,11.212,0.568,0.1925
MAC000056,Std,1349996400000,7.371,0.539,0.144
MAC000057,Std,1349996400000,9.808,0.653,0.1875
MAC000058,Std,1349996400000,5.221,0.793,0.0675
MAC000059,Std,1349996400000,18.255,1.177,0.319
MAC000060,Std,1349996400000,9.078,0.493,0.107
MAC000061,Std,1349996400000,4.376,0.387,0.056
MAC000062,Std,1349996400000,9.019,0.555,0.1695
MAC000063,Std,1349996400000,20.823,1.448,0.3485
MAC000066,Std,1349996400000,8.411,0.409,0.154
MAC000067,Std,1349996400000,8.203,0.377,0.1395
MAC000068,Std,1349996400000,19.445,1.107,0.342
MAC000069,Std,1349996400000,5.775,0.199,0.1245
MAC000326,Std,1349996400000,3.023,0.263,0.063
MAC000327,Std,1349996400000,13.24,1.278,0.1795
MAC000329,Std,1349996400000,9.514,0.733,0.1955
MAC000330,Std,1349996400000,5.171,0.265,0.099
MAC000331,Std,1349996400000,11.6530002,1.5470001,0.092
MAC000332,Std,1349996400000,9.439,0.565,0.141
MAC000333,Std,1349996400000,5.232,0.486,0.064
MAC000334,Std,1349996400000,4.435,0.202,0.0855
MAC000335,Std,1349996400000,9.136,0.527,0.178
MAC000337,Std,1349996400000,2.676,0.191,0.042
MAC000338,Std,1349996400000,12.547,0.572,0.2635
MAC000340,Std,1349996400000,7.552,0.448,0.125
MAC000341,Std,1349996400000,10.969,0.654,0.2055
MAC000343,Std,1349996400000,5.022,0.403,0.087
MAC000345,Std,1349996400000,8.369,0.879,0.113
MAC000346,Std,1349996400000,4.189,0.14,0.085
MAC000347,Std,1349996400000,5.923,0.387,0.081
MAC000348,Std,1349996400000,4.08,0.212,0.0705
MAC000349,Std,1349996400000,4.445,0.789,0.0505
MAC000350,Std,1349996400000,7.229,1.077,0.1015
MAC000351,Std,1349996400000,4.81,1.132,0.0565
MAC000353,Std,1349996400000,6.366,0.818,0.0835
MAC000355,Std,1349996400000,5.508,0.256,0.106
MAC000356,Std,1349996400000,5.033,0.483,0.059
MAC000357,Std,1349996400000,7.7,0.861,0.095
MAC000358,Std,1349996400000,44.9259999,2.9230001,0.738
MAC000359,Std,1349996400000,13.392,1.256,0.1545
MAC000360,Std,1349996400000,9.516,0.653,0.168
MAC000361,Std,1349996400000,3.802,0.434,0.051
MAC000362,Std,1349996400000,4.08,0.192,0.0735
MAC000363,Std,1349996400000,4.228,0.479,0.0545
MAC004268,Std,1349996400000,3.692,0.374,0.0655
MAC004269,Std,1349996400000,10.425,0.395,0.2305
MAC004271,Std,1349996400000,11.073,0.961,0.139
MAC004272,Std,1349996400000,8.94,0.635,0.155
MAC004273,Std,1349996400000,6.114,0.651,0.082
MAC004274,Std,1349996400000,4.041,0.325,0.063
MAC004275,Std,1349996400000,12.945,0.936,0.227
MAC004276,Std,1349996400000,21.27,1.937,0.375
MAC004277,Std,1349996400000,10.183,0.581,0.2035
MAC004278,Std,1349996400000,9.238,0.934,0.098
MAC004279,Std,1349996400000,5.622,0.609,0.1035
MAC004280,Std,1349996400000,23.678,1.209,0.4955
MAC004281,Std,1349996400000,5.471,0.47,0.084
MAC000002,Std,1350082800000,11.087,0.933,0.18
MAC000003,Std,1350082800000,14.372,1.473,0.171
MAC000004,Std,1350082800000,1.728,0.215,0
MAC000006,Std,1350082800000,3.275,0.342,0.053
MAC000007,Std,1350082800000,7.846,1.002,0.134
MAC000008,Std,1350082800000,16.9,0.595,0.309
MAC000009,Std,1350082800000,7.867,0.61,0.152
MAC000010,Std,1350082800000,27.9080001,2.1110001,0.4905
MAC000012,Std,1350082800000,1.158,0.055,0.0195
MAC000013,Std,1350082800000,6.931,0.238,0.144
MAC000016,Std,1350082800000,0.147,0.01,0
MAC000018,Std,1350082800000,13.604,0.758,0.295
MAC000019,Std,1350082800000,4.08,0.358,0.081
MAC000020,Std,1350082800000,3.649,0.211,0.067
MAC000021,Std,1350082800000,18.097,0.49,0.3775
MAC000022,Std,1350082800000,8.71,0.86,0.1535
MAC000023,Std,1350082800000,16.1820001,1.354,0.2525
MAC000024,Std,1350082800000,11.311,1.67,0.1485
MAC000025,Std,1350082800000,4.4679999,1.2869999,0.027
MAC000026,Std,1350082800000,9.325,0.654,0.153
MAC000027,Std,1350082800000,9.89,0.685,0.1805
MAC000028,Std,1350082800000,5.674,0.25,0.1
MAC000029,Std,1350082800000,2.03,0.081,0.047
MAC000030,Std,1350082800000,20.13,2.3050001,0.136
MAC000032,Std,1350082800000,6.857,0.577,0.1235
MAC000033,Std,1350082800000,6.048,0.296,0.12
MAC000034,Std,1350082800000,5.565,0.267,0.112
MAC000035,Std,1350082800000,21.3049999,1.355,0.374
MAC000036,Std,1350082800000,3.236,0.244,0.0495
MAC000037,Std,1350082800000,0,0,0
MAC000038,Std,1350082800000,7.918,0.458,0.1255
MAC000039,Std,1350082800000,6.048,0.395,0.0975
MAC000040,Std,1350082800000,15.541,1.005,0.258
MAC000041,Std,1350082800000,9.194,0.833,0.151
MAC000042,Std,1350082800000,10.29,0.708,0.1945
MAC000043,Std,1350082800000,2.81,0.15,0.048
MAC000045,Std,1350082800000,23.6720001,1.619,0.2235
MAC000047,Std,1350082800000,5.199,0.277,0.0885
MAC000049,Std,1350082800000,41.4999998,3.4749999,0.6275
MAC000050,Std,1350082800000,27.309,1.722,0.395
MAC000053,Std,1350082800000,5.136,0.401,0.0805
MAC000054,Std,1350082800000,10.245,0.526,0.218
MAC000055,Std,1350082800000,9.486,0.567,0.1415
MAC000056,Std,1350082800000,7.433,0.488,0.149
MAC000057,Std,1350082800000,10.694,1.288,0.183
MAC000058,Std,1350082800000,3.297,0.327,0.059
MAC000059,Std,1350082800000,15.507,0.721,0.2565
MAC000060,Std,1350082800000,12.251,0.885,0.1645
MAC000061,Std,1350082800000,6.223,0.621,0.099
MAC000062,Std,1350082800000,10.681,0.598,0.187
MAC000063,Std,1350082800000,13.511,0.87,0.207
MAC000066,Std,1350082800000,7.515,0.27,0.154
MAC000067,Std,1350082800000,10.303,0.629,0.2105
MAC000068,Std,1350082800000,19.792,1.322,0.3965
MAC000069,Std,1350082800000,5.707,0.201,0.118
MAC000326,Std,1350082800000,10.377,1.163,0.0875
MAC000327,Std,1350082800000,33.1379999,1.587,0.651
MAC000329,Std,1350082800000,9.386,0.756,0.1945
MAC000330,Std,1350082800000,5.978,0.253,0.1215
MAC000331,Std,1350082800000,11.457,1.585,0.1165
MAC000332,Std,1350082800000,8.819,0.923,0.152
MAC000333,Std,1350082800000,3.958,0.222,0.0635
MAC000334,Std,1350082800000,4.65,0.239,0.0885
MAC000335,Std,1350082800000,6.7,0.374,0.0925
MAC000337,Std,1350082800000,2.996,0.182,0.055
MAC000338,Std,1350082800000,10.816,0.71,0.185
MAC000340,Std,1350082800000,7.832,0.526,0.132
MAC000341,Std,1350082800000,10.435,1.08,0.168
MAC000343,Std,1350082800000,5.435,0.49,0.0855
MAC000345,Std,1350082800000,13.7909999,1.5369999,0.1355
MAC000346,Std,1350082800000,4.289,0.128,0.086
MAC000347,Std,1350082800000,6.449,0.579,0.116
MAC000348,Std,1350082800000,5.356,0.431,0.1005
MAC000349,Std,1350082800000,2.301,0.076,0.038
MAC000350,Std,1350082800000,9.869,1.027,0.1485
MAC000351,Std,1350082800000,3.929,0.308,0.064
MAC000353,Std,1350082800000,2.886,0.254,0.0535
MAC000355,Std,1350082800000,5.283,0.175,0.109
MAC000356,Std,1350082800000,15.869,1.2359999,0.2055
MAC000357,Std,1350082800000,15.918,1.515,0.183
MAC000358,Std,1350082800000,41.839,2.063,0.684
MAC000359,Std,1350082800000,17.811,1.11,0.254
MAC000360,Std,1350082800000,5.767,0.344,0.103
MAC000361,Std,1350082800000,8.084,1.098,0.0585
MAC000362,Std,1350082800000,3.484,0.178,0.059
MAC000363,Std,1350082800000,3.302,0.494,0.0395
MAC004268,Std,1350082800000,5.216,0.466,0.072
MAC004269,Std,1350082800000,10.932,0.622,0.1765
MAC004271,Std,1350082800000,13.368,0.576,0.2755
MAC004272,Std,1350082800000,5.292,0.292,0.0935
MAC004273,Std,1350082800000,4.996,0.811,0.081
MAC004274,Std,1350082800000,4.472,0.327,0.0625
MAC004275,Std,1350082800000,15.782,1.711,0.244
MAC004276,Std,1350082800000,19.733,1.34,0.362
MAC004277,Std,1350082800000,8.902,0.782,0.1445
MAC004278,Std,1350082800000,9.621,0.835,0.1015
MAC004279,Std,1350082800000,10.424,0.892,0.16
MAC004280,Std,1350082800000,36.7360002,1.9960001,0.5585
MAC004281,Std,1350082800000,6.187,0.312,0.1265
MAC000002,Std,1350169200000,13.223,1.085,0.158
MAC000003,Std,1350169200000,15.5469999,1.595,0.1725
MAC000004,Std,1350169200000,1.862,0.316,0
MAC000006,Std,1350169200000,2.587,0.2,0.043
MAC000007,Std,1350169200000,10.937,1.691,0.124
MAC000008,Std,1350169200000,24.492,1.335,0.3825
MAC000009,Std,1350169200000,10.429,1.248,0.2035
MAC000010,Std,1350169200000,26.976,1.781,0.3905
MAC000012,Std,1350169200000,1.139,0.055,0.02
MAC000013,Std,1350169200000,5.451,0.21,0.1135
MAC000016,Std,1350169200000,0.225,0.059,0
MAC000018,Std,1350169200000,14.044,1.466,0.254
MAC000019,Std,1350169200000,3.638,0.156,0.0735
MAC000020,Std,1350169200000,7.121,0.844,0.097
MAC000021,Std,1350169200000,26.306,1.285,0.419
MAC000022,Std,1350169200000,18.4829999,1.385,0.192
MAC000023,Std,1350169200000,12.0780001,1.3710001,0.176
MAC000024,Std,1350169200000,14.734,2.5869999,0.151
MAC000025,Std,1350169200000,4.348,1.299,0.0255
MAC000026,Std,1350169200000,7.574,0.204,0.1555
MAC000027,Std,1350169200000,11.96,0.824,0.227
MAC000028,Std,1350169200000,5.139,0.293,0.084
MAC000029,Std,1350169200000,4.5930001,1.5190001,0.0475
MAC000030,Std,1350169200000,19.7170001,2.7490001,0.156
MAC000032,Std,1350169200000,18.719,1.64,0.2865
MAC000033,Std,1350169200000,7.391,0.463,0.1485
MAC000034,Std,1350169200000,5.552,0.258,0.104
MAC000035,Std,1350169200000,32.097,2.207,0.3925
MAC000036,Std,1350169200000,2.521,0.266,0.041
MAC000037,Std,1350169200000,0,0,0
MAC000038,Std,1350169200000,20.2910001,1.806,0.3115
MAC000039,Std,1350169200000,12.0559999,1.596,0.107
MAC000040,Std,1350169200000,14.385,0.514,0.295
MAC000041,Std,1350169200000,7.383,0.418,0.0925
MAC000042,Std,1350169200000,10.174,0.853,0.1505
MAC000043,Std,1350169200000,3.486,0.168,0.0655
MAC000045,Std,1350169200000,18.6289999,2.4319999,0.188
MAC000047,Std,1350169200000,5.988,0.287,0.1105
MAC000049,Std,1350169200000,41.7349999,2.987,0.7355
MAC000050,Std,1350169200000,14.767,1.426,0.2315
MAC000053,Std,1350169200000,4.732,0.655,0.067
MAC000054,Std,1350169200000,11.02,0.686,0.2125
MAC000055,Std,1350169200000,9.334,0.749,0.1455
MAC000056,Std,1350169200000,7.302,0.584,0.117
MAC000057,Std,1350169200000,11.749,0.901,0.1715
MAC000058,Std,1350169200000,3.262,0.287,0.0515
MAC000059,Std,1350169200000,17.055,1.164,0.3345
MAC000060,Std,1350169200000,10.649,0.726,0.1375
MAC000061,Std,1350169200000,5.501,0.462,0.0545
MAC000062,Std,1350169200000,11.398,0.558,0.205
MAC000063,Std,1350169200000,15.296,1.077,0.2125
MAC000066,Std,1350169200000,11.481,0.762,0.171
MAC000067,Std,1350169200000,9.833,0.446,0.209
MAC000068,Std,1350169200000,20.609,1.321,0.41
MAC000069,Std,1350169200000,6.822,0.601,0.1245
MAC000326,Std,1350169200000,15.6420001,1.497,0.1165
MAC000327,Std,1350169200000,16.0350001,1.2970001,0.1925
MAC000329,Std,1350169200000,11.161,0.712,0.185
MAC000330,Std,1350169200000,5.847,0.262,0.1145
MAC000331,Std,1350169200000,19.783,2.7909999,0.1385
MAC000332,Std,1350169200000,10.992,0.783,0.151
MAC000333,Std,1350169200000,3.393,0.315,0.061
MAC000334,Std,1350169200000,4.584,0.214,0.086
MAC000335,Std,1350169200000,7.394,0.467,0.115
MAC000337,Std,1350169200000,3.141,0.195,0.068
MAC000338,Std,1350169200000,21.819,1.376,0.3845
MAC000340,Std,1350169200000,9.973,0.719,0.1665
MAC000341,Std,1350169200000,13.0910001,1.5420001,0.202
MAC000343,Std,1350169200000,5.427,0.336,0.123
MAC000345,Std,1350169200000,17.475,1.779,0.178
MAC000346,Std,1350169200000,4.372,0.17,0.0875
MAC000347,Std,1350169200000,5.691,0.606,0.071
MAC000348,Std,1350169200000,4.324,0.314,0.0585
MAC000349,Std,1350169200000,3.644,0.375,0.0455
MAC000350,Std,1350169200000,8.554,1.348,0.141
MAC000351,Std,1350169200000,6.774,1.569,0.076
MAC000353,Std,1350169200000,3.43,0.37,0.055
MAC000355,Std,1350169200000,10.531,0.627,0.125
MAC000356,Std,1350169200000,10.452,1.089,0.1015
MAC000357,Std,1350169200000,16.881,1.396,0.158
MAC000358,Std,1350169200000,62.9060004,4.8010001,1.2425
MAC000359,Std,1350169200000,14.193,0.856,0.281
MAC000360,Std,1350169200000,7.836,0.556,0.0975
MAC000361,Std,1350169200000,10.459,1.404,0.1025
MAC000362,Std,1350169200000,3.805,0.291,0.0635
MAC000363,Std,1350169200000,3.722,0.548,0.0495
MAC004268,Std,1350169200000,7.883,0.745,0.083
MAC004269,Std,1350169200000,10.563,0.861,0.1975
MAC004271,Std,1350169200000,11.013,0.569,0.1555
MAC004272,Std,1350169200000,5.346,0.206,0.104
MAC004273,Std,1350169200000,6.077,0.348,0.1065
MAC004274,Std,1350169200000,4.167,0.297,0.0555
MAC004275,Std,1350169200000,15.08,1.159,0.286
MAC004276,Std,1350169200000,15.552,0.744,0.2915
MAC004277,Std,1350169200000,11.874,0.787,0.2165
MAC004278,Std,1350169200000,13.003,1.284,0.166
MAC004279,Std,1350169200000,7.589,0.498,0.16
MAC004280,Std,1350169200000,28.007,1.4529999,0.486
MAC004281,Std,1350169200000,6.389,0.71,0.107
MAC000002,Std,1350255600000,10.257,1.164,0.131
MAC000003,Std,1350255600000,12.77,1.455,0.172
MAC000004,Std,1350255600000,1.812,0.212,0
MAC000006,Std,1350255600000,3.451,0.34,0.06
MAC000007,Std,1350255600000,8.242,0.792,0.1105
MAC000008,Std,1350255600000,19.761,1.091,0.3795
MAC000009,Std,1350255600000,10.4040001,1.1390001,0.16
MAC000010,Std,1350255600000,24.667,1.751,0.3865
MAC000012,Std,1350255600000,1.15,0.055,0.019
MAC000013,Std,1350255600000,5.455,0.247,0.1065
MAC000016,Std,1350255600000,0.477,0.163,0
MAC000018,Std,1350255600000,11.974,0.636,0.226
MAC000019,Std,1350255600000,3.427,0.14,0.0705
MAC000020,Std,1350255600000,5.572,0.29,0.0805
MAC000021,Std,1350255600000,23.998,1.155,0.4575
MAC000022,Std,1350255600000,13.136,0.974,0.224
MAC000023,Std,1350255600000,20.9150001,1.692,0.459
MAC000024,Std,1350255600000,10.4359999,2.5139999,0.0835
MAC000025,Std,1350255600000,4.0050001,1.4170001,0.028
MAC000026,Std,1350255600000,16.0040001,1.6210001,0.206
MAC000027,Std,1350255600000,10.482,0.594,0.2075
MAC000028,Std,1350255600000,7.036,0.605,0.11
MAC000029,Std,1350255600000,3.993,0.357,0.064
MAC000030,Std,1350255600000,12.112,1.472,0.165
MAC000032,Std,1350255600000,12.443,1.008,0.162
MAC000033,Std,1350255600000,5.644,0.481,0.1025
MAC000034,Std,1350255600000,5.54,0.285,0.1115
MAC000035,Std,1350255600000,18.642,1.135,0.29
MAC000036,Std,1350255600000,2.594,0.242,0.0395
MAC000037,Std,1350255600000,0.813,0.812,0
MAC000038,Std,1350255600000,8.848,1.001,0.1315
MAC000039,Std,1350255600000,9.372,0.803,0.1555
MAC000040,Std,1350255600000,18.8830001,1.0470001,0.369
MAC000041,Std,1350255600000,8.719,0.911,0.1335
MAC000042,Std,1350255600000,13.3890001,2.0190001,0.1705
MAC000043,Std,1350255600000,3.269,0.167,0.0605
MAC000045,Std,1350255600000,19.262,1.687,0.234
MAC000047,Std,1350255600000,6.333,0.556,0.103
MAC000049,Std,1350255600000,35.3839998,3.497,0.3055
MAC000050,Std,1350255600000,19.005,1.883,0.2265
MAC000053,Std,1350255600000,7.113,0.71,0.0725
MAC000054,Std,1350255600000,8.169,0.389,0.142
MAC000055,Std,1350255600000,15.291,1.873,0.1825
MAC000056,Std,1350255600000,6.889,1.247,0.108
MAC000057,Std,1350255600000,10.362,0.485,0.1955
MAC000058,Std,1350255600000,2.666,0.277,0.0505
MAC000059,Std,1350255600000,17.802,0.956,0.37
MAC000060,Std,1350255600000,9.901,0.855,0.16
MAC000061,Std,1350255600000,4.846,0.3,0.047
MAC000062,Std,1350255600000,10.118,0.477,0.1905
MAC000063,Std,1350255600000,14.215,1.074,0.2125
MAC000066,Std,1350255600000,11.839,1.216,0.1555
MAC000067,Std,1350255600000,8.021,0.524,0.1365
MAC000068,Std,1350255600000,17.789,1.119,0.295
MAC000069,Std,1350255600000,6.662,0.309,0.138
MAC000326,Std,1350255600000,18.1190001,2.1730001,0.071
MAC000327,Std,1350255600000,13.935,1.217,0.1575
MAC000329,Std,1350255600000,11.523,0.719,0.22
MAC000330,Std,1350255600000,6.557,0.538,0.127
MAC000331,Std,1350255600000,19.7550001,2.7920001,0.1125
MAC000332,Std,1350255600000,11.383,0.568,0.2025
MAC000333,Std,1350255600000,5.523,0.689,0.086
MAC000334,Std,1350255600000,4.354,0.227,0.0875
MAC000335,Std,1350255600000,8.239,0.899,0.139
MAC000337,Std,1350255600000,2.922,0.149,0.066
MAC000338,Std,1350255600000,7.695,0.511,0.062
MAC000340,Std,1350255600000,8.379,0.497,0.1295
MAC000341,Std,1350255600000,11.549,0.671,0.21
MAC000343,Std,1350255600000,5.353,0.456,0.0935
MAC000345,Std,1350255600000,11.255,0.862,0.185
MAC000346,Std,1350255600000,4.172,0.121,0.084
MAC000347,Std,1350255600000,5.182,0.377,0.081
MAC000348,Std,1350255600000,5.347,0.394,0.0915
MAC000349,Std,1350255600000,8.015,0.911,0.075
MAC000350,Std,1350255600000,8.337,1.102,0.132
MAC000351,Std,1350255600000,4.394,0.363,0.0735
MAC000353,Std,1350255600000,5.788,0.649,0.087
MAC000355,Std,1350255600000,14.643,1.839,0.1715
MAC000356,Std,1350255600000,11.682,1.452,0.0765
MAC000357,Std,1350255600000,12.062,1.161,0.1475
MAC000358,Std,1350255600000,46.7859998,2.7379999,0.8335
MAC000359,Std,1350255600000,12.085,1.161,0.155
MAC000360,Std,1350255600000,10.244,0.734,0.1605
MAC000361,Std,1350255600000,5.422,0.379,0.075
MAC000362,Std,1350255600000,3.209,0.202,0.055
MAC000363,Std,1350255600000,4.114,0.638,0.0465
MAC004268,Std,1350255600000,4.407,0.488,0.065
MAC004269,Std,1350255600000,10.345,0.817,0.226
MAC004271,Std,1350255600000,13.654,0.737,0.211
MAC004272,Std,1350255600000,6.145,0.348,0.118
MAC004273,Std,1350255600000,5.416,0.543,0.076
MAC004274,Std,1350255600000,3.849,0.258,0.05
MAC004275,Std,1350255600000,10.556,0.803,0.1705
MAC004276,Std,1350255600000,23.8789998,1.556,0.334
MAC004277,Std,1350255600000,7.901,0.583,0.1485
MAC004278,Std,1350255600000,6.536,0.917,0.0875
MAC004279,Std,1350255600000,7.362,0.913,0.053
MAC004280,Std,1350255600000,41.145,2.5780001,0.6725
MAC004281,Std,1350255600000,6.629,0.645,0.1135
MAC000002,Std,1350342000000,9.769,0.991,0.145
MAC000003,Std,1350342000000,13.555,1.498,0.188
MAC000004,Std,1350342000000,1.538,0.182,0
MAC000006,Std,1350342000000,3.24,0.214,0.0555
MAC000007,Std,1350342000000,9.4339999,1.2589999,0.1015
MAC000008,Std,1350342000000,22.5060001,1.1210001,0.451
MAC000009,Std,1350342000000,8.679,0.764,0.144
MAC000010,Std,1350342000000,28.817,1.86,0.4465
MAC000012,Std,1350342000000,1.14,0.053,0.0195
MAC000013,Std,1350342000000,6.209,0.282,0.118
MAC000016,Std,1350342000000,0.147,0.01,0
MAC000018,Std,1350342000000,8.527,0.513,0.133
MAC000019,Std,1350342000000,3.58,0.139,0.078
MAC000020,Std,1350342000000,5.15,0.226,0.1045
MAC000021,Std,1350342000000,19.756,0.853,0.3745
MAC000022,Std,1350342000000,10.046,0.47,0.183
MAC000023,Std,1350342000000,11.87,0.855,0.1545
MAC000024,Std,1350342000000,28.7500001,2.211,0.4095
MAC000025,Std,1350342000000,3.766,1.724,0.026
MAC000026,Std,1350342000000,18.575,1.779,0.212
MAC000027,Std,1350342000000,9.929,0.828,0.1915
MAC000028,Std,1350342000000,5.732,0.225,0.107
MAC000029,Std,1350342000000,4.899,0.706,0.0475
MAC000030,Std,1350342000000,7.361,0.356,0.136
MAC000032,Std,1350342000000,5.516,0.643,0.084
MAC000033,Std,1350342000000,6.63,0.46,0.1255
MAC000034,Std,1350342000000,5.895,0.329,0.1035
MAC000035,Std,1350342000000,16.6309999,1.2359999,0.2445
MAC000036,Std,1350342000000,2.318,0.28,0.0405
MAC000037,Std,1350342000000,0,0,0
MAC000038,Std,1350342000000,10.127,1.251,0.1575
MAC000039,Std,1350342000000,6.081,0.378,0.105
MAC000040,Std,1350342000000,15.182,0.631,0.277
MAC000041,Std,1350342000000,10.526,1.044,0.1245
MAC000042,Std,1350342000000,9.018,0.414,0.155
MAC000043,Std,1350342000000,2.93,0.141,0.0515
MAC000045,Std,1350342000000,16.3449999,1.653,0.2305
MAC000047,Std,1350342000000,5.608,0.28,0.1175
MAC000049,Std,1350342000000,25.9220002,2.4289999,0.27
MAC000050,Std,1350342000000,24.8479996,2.6129999,0.2675
MAC000053,Std,1350342000000,9.489,0.956,0.07
MAC000054,Std,1350342000000,7.88,0.404,0.1375
MAC000055,Std,1350342000000,10.741,0.518,0.185
MAC000056,Std,1350342000000,6.059,0.477,0.105
MAC000057,Std,1350342000000,10.601,0.414,0.196
MAC000058,Std,1350342000000,2.636,0.225,0.044
MAC000059,Std,1350342000000,17.523,1.682,0.3065
MAC000060,Std,1350342000000,5.57,0.284,0.0685
MAC000061,Std,1350342000000,5.706,0.283,0.069
MAC000062,Std,1350342000000,9.559,0.396,0.1735
MAC000063,Std,1350342000000,14.227,1.316,0.1485
MAC000066,Std,1350342000000,7.611,0.286,0.155
MAC000067,Std,1350342000000,7.562,0.386,0.163
MAC000068,Std,1350342000000,16.749,1.217,0.267
MAC000069,Std,1350342000000,9.24,0.712,0.1875
MAC000326,Std,1350342000000,15.0180001,1.281,0.109
MAC000327,Std,1350342000000,8.677,0.679,0.1525
MAC000329,Std,1350342000000,10.911,0.767,0.1785
MAC000330,Std,1350342000000,5.793,0.26,0.1165
MAC000331,Std,1350342000000,16.1779999,2.7939999,0.139
MAC000332,Std,1350342000000,7.398,0.438,0.1395
MAC000333,Std,1350342000000,3.924,0.227,0.0645
MAC000334,Std,1350342000000,5.758,0.601,0.0915
MAC000335,Std,1350342000000,8.562,0.708,0.138
MAC000337,Std,1350342000000,2.56,0.188,0.0565
MAC000338,Std,1350342000000,11.547,1.316,0.156
MAC000340,Std,1350342000000,7.735,0.586,0.121
MAC000341,Std,1350342000000,11.517,0.807,0.2195
MAC000343,Std,1350342000000,5.307,0.376,0.0945
MAC000345,Std,1350342000000,9.808,0.787,0.1815
MAC000346,Std,1350342000000,4.774,0.412,0.0865
MAC000347,Std,1350342000000,7.167,0.903,0.0925
MAC000348,Std,1350342000000,3.977,0.257,0.05
MAC000349,Std,1350342000000,5.215,0.488,0.0865
MAC000350,Std,1350342000000,9.996,1.094,0.175
MAC000351,Std,1350342000000,3.484,0.193,0.0545
MAC000353,Std,1350342000000,5.313,0.41,0.083
MAC000355,Std,1350342000000,5.632,0.219,0.112
MAC000356,Std,1350342000000,5.673,0.651,0.061
MAC000357,Std,1350342000000,10.028,1.073,0.0925
MAC000358,Std,1350342000000,48.2030005,3.1010001,0.723
MAC000359,Std,1350342000000,13.835,1.284,0.145
MAC000360,Std,1350342000000,9.1,0.68,0.108
MAC000361,Std,1350342000000,3.995,0.353,0.0485
MAC000362,Std,1350342000000,3.549,0.303,0.055
MAC000363,Std,1350342000000,3.364,0.525,0.046
MAC004268,Std,1350342000000,6.226,0.677,0.0825
MAC004269,Std,1350342000000,9.682,0.903,0.1405
MAC004271,Std,1350342000000,12.17,0.786,0.1815
MAC004272,Std,1350342000000,9.807,1.084,0.0965
MAC004273,Std,1350342000000,7.193,0.992,0.084
MAC004274,Std,1350342000000,4.558,0.307,0.0645
MAC004275,Std,1350342000000,10.664,0.784,0.1885
MAC004276,Std,1350342000000,20.8699999,1.5089999,0.3045
MAC004277,Std,1350342000000,7.799,0.565,0.143
MAC004278,Std,1350342000000,7.358,0.72,0.092
MAC004279,Std,1350342000000,7.984,0.715,0.1215
MAC004280,Std,1350342000000,29.848,1.459,0.513
MAC004281,Std,1350342000000,5.368,0.334,0.081
MAC000002,Std,1350428400000,10.885,0.784,0.148
MAC000003,Std,1350428400000,44.2670002,3.5280001,0.235
MAC000004,Std,1350428400000,1.59,0.197,0
MAC000006,Std,1350428400000,3.059,0.178,0.0555
MAC000007,Std,1350428400000,9.654,1.349,0.113
MAC000008,Std,1350428400000,20.436,1.252,0.3795
MAC000009,Std,1350428400000,8.115,0.565,0.1505
MAC000010,Std,1350428400000,28.3560001,1.464,0.464
MAC000012,Std,1350428400000,1.123,0.054,0.018
MAC000013,Std,1350428400000,5.841,0.292,0.106
MAC000016,Std,1350428400000,0.147,0.01,0
MAC000018,Std,1350428400000,14.066,0.739,0.205
MAC000019,Std,1350428400000,3.579,0.153,0.0755
MAC000020,Std,1350428400000,7.829,0.658,0.106
MAC000021,Std,1350428400000,37.9449996,2.233,0.467
MAC000022,Std,1350428400000,10.729,0.945,0.1995
MAC000023,Std,1350428400000,16.3370001,1.4960001,0.222
MAC000024,Std,1350428400000,18.0089999,2.5539999,0.197
MAC000025,Std,1350428400000,4.129,1.594,0.029
MAC000026,Std,1350428400000,16.437,1.226,0.243
MAC000027,Std,1350428400000,7.739,0.522,0.126
MAC000028,Std,1350428400000,5.918,0.523,0.1015
MAC000029,Std,1350428400000,6.5660001,1.2180001,0.047
MAC000030,Std,1350428400000,7.703,1.012,0.143
MAC000032,Std,1350428400000,5.498,1.33,0.0475
MAC000033,Std,1350428400000,8.799,0.695,0.157
MAC000034,Std,1350428400000,5.64,0.241,0.1095
MAC000035,Std,1350428400000,19.026,1.308,0.3825
MAC000036,Std,1350428400000,3.19,0.231,0.06
MAC000037,Std,1350428400000,0,0,0
MAC000038,Std,1350428400000,8.717,1.39,0.135
MAC000039,Std,1350428400000,8.84,0.929,0.127
MAC000040,Std,1350428400000,14.114,0.604,0.274
MAC000041,Std,1350428400000,10.195,0.857,0.123
MAC000042,Std,1350428400000,11.436,0.816,0.168
MAC000043,Std,1350428400000,4.053,0.354,0.066
MAC000045,Std,1350428400000,17.061,1.7410001,0.2435
MAC000047,Std,1350428400000,5.193,0.253,0.085
MAC000049,Std,1350428400000,28.0379999,2.4189999,0.3325
MAC000050,Std,1350428400000,25.2060001,2.325,0.203
MAC000053,Std,1350428400000,8.491,1.348,0.0775
MAC000054,Std,1350428400000,8.32,0.481,0.1345
MAC000055,Std,1350428400000,12.433,0.557,0.247
MAC000056,Std,1350428400000,7.141,1.408,0.1365
MAC000057,Std,1350428400000,12.19,1.108,0.235
MAC000058,Std,1350428400000,3.322,0.25,0.0665
MAC000059,Std,1350428400000,16.644,0.885,0.388
MAC000060,Std,1350428400000,4.581,0.283,0.0505
MAC000061,Std,1350428400000,4.586,0.329,0.0605
MAC000062,Std,1350428400000,9.623,0.424,0.1875
MAC000063,Std,1350428400000,16.095,1.495,0.258
MAC000066,Std,1350428400000,7.893,0.362,0.15
MAC000067,Std,1350428400000,6.602,0.273,0.1285
MAC000068,Std,1350428400000,19.764,1.272,0.3485
MAC000069,Std,1350428400000,7.603,0.309,0.151
MAC000326,Std,1350428400000,21.972,1.801,0.384
MAC000327,Std,1350428400000,11.8369999,1.2589999,0.16
MAC000329,Std,1350428400000,10.306,0.656,0.193
MAC000330,Std,1350428400000,5.692,0.263,0.1115
MAC000331,Std,1350428400000,17.4659999,2.7579999,0.1085
MAC000332,Std,1350428400000,6.502,0.357,0.115
MAC000333,Std,1350428400000,4.993,0.429,0.0705
MAC000334,Std,1350428400000,5.503,0.759,0.0895
MAC000335,Std,1350428400000,8.424,0.676,0.114
MAC000337,Std,1350428400000,2.647,0.128,0.0505
MAC000338,Std,1350428400000,13.721,1.271,0.2765
MAC000340,Std,1350428400000,6.299,0.384,0.1095
MAC000341,Std,1350428400000,9.848,0.655,0.184
MAC000343,Std,1350428400000,6.1,0.651,0.101
MAC000345,Std,1350428400000,15.56,1.316,0.184
MAC000346,Std,1350428400000,11.273,0.837,0.173
MAC000347,Std,1350428400000,6.176,0.288,0.103
MAC000348,Std,1350428400000,5.489,0.423,0.099
MAC000349,Std,1350428400000,8.255,1.382,0.0925
MAC000350,Std,1350428400000,10.1590001,1.1160001,0.148
MAC000351,Std,1350428400000,8.7789998,1.1569999,0.083
MAC000353,Std,1350428400000,7.293,0.972,0.0875
MAC000355,Std,1350428400000,5.54,0.276,0.1105
MAC000356,Std,1350428400000,9.341,0.798,0.0865
MAC000357,Std,1350428400000,8.279,0.457,0.106
MAC000358,Std,1350428400000,39.97,2.323,0.6405
MAC000359,Std,1350428400000,21.9770002,2.0780001,0.151
MAC000360,Std,1350428400000,10.76,0.968,0.1125
MAC000361,Std,1350428400000,9.555,1.251,0.0655
MAC000362,Std,1350428400000,4.799,0.859,0.071
MAC000363,Std,1350428400000,3.164,0.751,0.039
MAC004268,Std,1350428400000,5.855,0.577,0.0785
MAC004269,Std,1350428400000,10.316,0.53,0.185
MAC004271,Std,1350428400000,17.304,0.918,0.3675
MAC004272,Std,1350428400000,6.711,0.984,0.077
MAC004273,Std,1350428400000,5.554,0.355,0.0735
MAC004274,Std,1350428400000,3.852,0.256,0.0625
MAC004275,Std,1350428400000,11.929,1.075,0.1635
MAC004276,Std,1350428400000,18.4050001,1.437,0.2845
MAC004277,Std,1350428400000,9.278,0.782,0.1415
MAC004278,Std,1350428400000,11.378,0.949,0.141
MAC004279,Std,1350428400000,9.628,0.906,0.146
MAC004280,Std,1350428400000,30.574,1.902,0.5905
MAC004281,Std,1350428400000,6.946,0.768,0.126
MAC000002,Std,1350514800000,10.751,0.897,0.166
MAC000003,Std,1350514800000,20.815,2.177,0.244
MAC000004,Std,1350514800000,1.895,0.265,0
MAC000006,Std,1350514800000,3.042,0.202,0.055
MAC000007,Std,1350514800000,6.47,1.054,0.0875
MAC000008,Std,1350514800000,19.368,0.679,0.3895
MAC000009,Std,1350514800000,9.234,1.402,0.1515
MAC000010,Std,1350514800000,25.574,1.891,0.499
MAC000012,Std,1350514800000,1.16,0.054,0.0185
MAC000013,Std,1350514800000,5.759,0.325,0.112
MAC000016,Std,1350514800000,0.147,0.01,0
MAC000018,Std,1350514800000,9.962,0.504,0.1485
MAC000019,Std,1350514800000,3.529,0.146,0.075
MAC000020,Std,1350514800000,5.286,0.361,0.075
MAC000021,Std,1350514800000,18.977,0.608,0.376
MAC000022,Std,1350514800000,9.817,0.409,0.1815
MAC000023,Std,1350514800000,19.38,1.235,0.2855
MAC000024,Std,1350514800000,13.0249999,2.0799999,0.129
MAC000025,Std,1350514800000,4.6339999,1.5319999,0.0285
MAC000026,Std,1350514800000,15.678,0.943,0.223
MAC000027,Std,1350514800000,8.048,0.399,0.131
MAC000028,Std,1350514800000,5.177,0.205,0.097
MAC000029,Std,1350514800000,6.3870001,1.8940001,0.0535
MAC000030,Std,1350514800000,9.408,1.255,0.1185
MAC000032,Std,1350514800000,4.398,0.757,0.0555
MAC000033,Std,1350514800000,6.718,0.284,0.1405
MAC000034,Std,1350514800000,5.932,0.24,0.1235
MAC000035,Std,1350514800000,26.7369999,1.604,0.45
MAC000036,Std,1350514800000,2.747,0.221,0.045
MAC000037,Std,1350514800000,0.779,0.779,0
MAC000038,Std,1350514800000,11.7779999,1.0829999,0.1695
MAC000039,Std,1350514800000,12.758,1.617,0.1465
MAC000040,Std,1350514800000,18.8729999,1.0829999,0.3655
MAC000041,Std,1350514800000,6.651,0.448,0.106
MAC000042,Std,1350514800000,8.911,0.58,0.153
MAC000043,Std,1350514800000,3.114,0.161,0.0505
MAC000045,Std,1350514800000,14.621,1.674,0.1665
MAC000047,Std,1350514800000,4.942,0.246,0.0755
MAC000049,Std,1350514800000,30.1719999,4.2280002,0.3575
MAC000050,Std,1350514800000,29.221,2.9979999,0.322
MAC000053,Std,1350514800000,6.089,0.858,0.074
MAC000054,Std,1350514800000,8.26,0.345,0.166
MAC000055,Std,1350514800000,7.276,0.678,0.135
MAC000056,Std,1350514800000,5.941,0.389,0.084
MAC000057,Std,1350514800000,9.87,0.447,0.1875
MAC000058,Std,1350514800000,3.209,0.275,0.054
MAC000059,Std,1350514800000,16.885,0.975,0.3325
MAC000060,Std,1350514800000,4.557,0.284,0.05
MAC000061,Std,1350514800000,4.349,0.287,0.0645
MAC000062,Std,1350514800000,10.516,0.687,0.1785
MAC000063,Std,1350514800000,14.241,0.812,0.267
MAC000066,Std,1350514800000,5.756,0.341,0.1295
MAC000067,Std,1350514800000,6.656,0.377,0.1205
MAC000068,Std,1350514800000,20.097,1.332,0.329
MAC000069,Std,1350514800000,6.498,0.324,0.134
MAC000326,Std,1350514800000,16.119,1.327,0.2285
MAC000327,Std,1350514800000,21.8370001,1.396,0.281
MAC000329,Std,1350514800000,10.847,0.784,0.177
MAC000330,Std,1350514800000,5.878,0.272,0.1215
MAC000331,Std,1350514800000,16.6949999,2.7509999,0.1205
MAC000332,Std,1350514800000,12.051,0.809,0.207
MAC000333,Std,1350514800000,4.506,0.435,0.065
MAC000334,Std,1350514800000,4.967,0.382,0.0875
MAC000335,Std,1350514800000,6.135,0.427,0.0875
MAC000337,Std,1350514800000,2.693,0.186,0.047
MAC000338,Std,1350514800000,15.4510001,1.0420001,0.287
MAC000340,Std,1350514800000,9.682,0.805,0.144
MAC000341,Std,1350514800000,10.544,0.624,0.1865
MAC000343,Std,1350514800000,4.97,0.273,0.098
MAC000345,Std,1350514800000,10.635,0.955,0.125
MAC000346,Std,1350514800000,11.635,0.732,0.1515
MAC000347,Std,1350514800000,5.897,0.605,0.0805
MAC000348,Std,1350514800000,4.012,0.216,0.051
MAC000349,Std,1350514800000,4.784,0.474,0.0855
MAC000350,Std,1350514800000,7.515,1.177,0.134
MAC000351,Std,1350514800000,7.282,0.769,0.072
MAC000353,Std,1350514800000,7.395,0.754,0.089
MAC000355,Std,1350514800000,9.252,0.767,0.1295
MAC000356,Std,1350514800000,15.4590002,1.4680001,0.1105
MAC000357,Std,1350514800000,12.106,1.351,0.18
MAC000358,Std,1350514800000,38.4910004,2.3900001,0.5955
MAC000359,Std,1350514800000,13.244,1.399,0.158
MAC000360,Std,1350514800000,10.692,0.807,0.119
MAC000361,Std,1350514800000,6.0840001,1.0880001,0.061
MAC000362,Std,1350514800000,4.123,0.189,0.0685
MAC000363,Std,1350514800000,3.233,0.82,0.0515
MAC004268,Std,1350514800000,3.859,0.362,0.0715
MAC004269,Std,1350514800000,9.533,0.416,0.187
MAC004271,Std,1350514800000,11.123,0.779,0.163
MAC004272,Std,1350514800000,7.904,0.722,0.129
MAC004273,Std,1350514800000,5.389,0.438,0.072
MAC004274,Std,1350514800000,4.312,0.276,0.0665
MAC004275,Std,1350514800000,11.795,1.336,0.162
MAC004276,Std,1350514800000,17.6419999,1.2869999,0.279
MAC004277,Std,1350514800000,10.934,0.465,0.232
MAC004278,Std,1350514800000,8.234,0.769,0.108
MAC004279,Std,1350514800000,6.682,0.763,0.124
MAC004280,Std,1350514800000,26.307,1.9299999,0.4135
MAC004281,Std,1350514800000,5.612,0.279,0.105
MAC000002,Std,1350601200000,8.431,0.822,0.134
MAC000003,Std,1350601200000,23.5130002,2.194,0.233
MAC000004,Std,1350601200000,1.597,0.253,0
MAC000006,Std,1350601200000,2.795,0.18,0.0465
MAC000007,Std,1350601200000,10.355,1.021,0.127
MAC000008,Std,1350601200000,17.432,0.854,0.306
MAC000009,Std,1350601200000,9.081,0.911,0.1795
MAC000010,Std,1350601200000,25.663,1.601,0.5235
MAC000012,Std,1350601200000,1.178,0.055,0.019
MAC000013,Std,1350601200000,5.43,0.246,0.107
MAC000016,Std,1350601200000,0.145,0.01,0
MAC000018,Std,1350601200000,7.042,0.397,0.128
MAC000019,Std,1350601200000,3.514,0.126,0.077
MAC000020,Std,1350601200000,9.275,1.062,0.12
MAC000021,Std,1350601200000,22.199,0.961,0.378
MAC000022,Std,1350601200000,9.621,0.369,0.1825
MAC000023,Std,1350601200000,13.307,1.105,0.166
MAC000024,Std,1350601200000,19.618,1.443,0.194
MAC000025,Std,1350601200000,3.898,0.781,0.0265
MAC000026,Std,1350601200000,11.881,1.289,0.175
MAC000027,Std,1350601200000,8.326,0.684,0.147
MAC000028,Std,1350601200000,6.735,0.529,0.114
MAC000029,Std,1350601200000,3.843,0.582,0.0565
MAC000030,Std,1350601200000,20.8870001,1.869,0.199
MAC000032,Std,1350601200000,5.776,1.198,0.056
MAC000033,Std,1350601200000,5.877,0.39,0.0895
MAC000034,Std,1350601200000,7.179,0.316,0.1335
MAC000035,Std,1350601200000,17.207,0.698,0.3275
MAC000036,Std,1350601200000,2.525,0.263,0.044
MAC000037,Std,1350601200000,0,0,0
MAC000038,Std,1350601200000,9.811,0.88,0.158
MAC000039,Std,1350601200000,12.288,1.112,0.178
MAC000040,Std,1350601200000,17.786,0.613,0.3915
MAC000041,Std,1350601200000,6.982,0.608,0.06
MAC000042,Std,1350601200000,10.6599999,1.3049999,0.166
MAC000043,Std,1350601200000,3.306,0.167,0.0515
MAC000045,Std,1350601200000,16.276,1.675,0.216
MAC000047,Std,1350601200000,5.663,0.191,0.1145
MAC000049,Std,1350601200000,38.8680002,4.369,0.4545
MAC000050,Std,1350601200000,21.479,1.507,0.2965
MAC000053,Std,1350601200000,5.86,0.518,0.0765
MAC000054,Std,1350601200000,10.255,0.971,0.164
MAC000055,Std,1350601200000,14.1990001,1.67,0.1485
MAC000056,Std,1350601200000,7.6220001,1.0190001,0.1105
MAC000057,Std,1350601200000,11.011,0.857,0.172
MAC000058,Std,1350601200000,5.852,0.734,0.07
MAC000059,Std,1350601200000,18.056,1.484,0.3835
MAC000060,Std,1350601200000,10.322,1.077,0.0505
MAC000061,Std,1350601200000,4.759,0.255,0.0575
MAC000062,Std,1350601200000,9.555,0.402,0.185
MAC000063,Std,1350601200000,21.8,1.3789999,0.383
MAC000066,Std,1350601200000,2.488,0.07,0.053
MAC000067,Std,1350601200000,7.729,0.472,0.1055
MAC000068,Std,1350601200000,18.5899999,1.324,0.3065
MAC000069,Std,1350601200000,9.618,0.33,0.201
MAC000326,Std,1350601200000,12.307,0.629,0.26
MAC000327,Std,1350601200000,7.669,0.562,0.122
MAC000329,Std,1350601200000,9.957,0.776,0.1785
MAC000330,Std,1350601200000,6.406,0.273,0.1205
MAC000331,Std,1350601200000,15.7210001,2.7780001,0.125
MAC000332,Std,1350601200000,9.147,0.741,0.1585
MAC000333,Std,1350601200000,4.943,0.451,0.068
MAC000334,Std,1350601200000,4.371,0.186,0.089
MAC000335,Std,1350601200000,8.639,0.457,0.1655
MAC000337,Std,1350601200000,3.04,0.177,0.056
MAC000338,Std,1350601200000,14.154,1.197,0.264
MAC000340,Std,1350601200000,8.524,0.846,0.1395
MAC000341,Std,1350601200000,12.065,0.574,0.249
MAC000343,Std,1350601200000,7.837,0.554,0.1165
MAC000345,Std,1350601200000,9.616,1.256,0.1185
MAC000346,Std,1350601200000,10.39,1.044,0.1985
MAC000347,Std,1350601200000,7.922,0.781,0.1355
MAC000348,Std,1350601200000,5.589,0.285,0.1165
MAC000349,Std,1350601200000,6.244,1.148,0.0885
MAC000350,Std,1350601200000,9.441,1.293,0.1405
MAC000351,Std,1350601200000,4.84,0.711,0.0685
MAC000353,Std,1350601200000,7.082,0.404,0.11
MAC000355,Std,1350601200000,6.327,0.317,0.117
MAC000356,Std,1350601200000,7.018,0.692,0.0895
MAC000357,Std,1350601200000,15.198,1.395,0.2645
MAC000358,Std,1350601200000,47.2699995,2.201,0.9365
MAC000359,Std,1350601200000,10.526,0.625,0.1505
MAC000360,Std,1350601200000,8.634,0.57,0.111
MAC000361,Std,1350601200000,6.697,1.003,0.056
MAC000362,Std,1350601200000,3.91,0.193,0.0705
MAC000363,Std,1350601200000,3.252,0.564,0.038
MAC004268,Std,1350601200000,3.552,0.315,0.057
MAC004269,Std,1350601200000,12.352,0.735,0.2435
MAC004271,Std,1350601200000,14.475,0.713,0.3185
MAC004272,Std,1350601200000,7.035,0.469,0.0765
MAC004273,Std,1350601200000,4.364,0.779,0.071
MAC004274,Std,1350601200000,4.931,0.275,0.072
MAC004275,Std,1350601200000,12.94,1.018,0.197
MAC004276,Std,1350601200000,14.002,1.323,0.2435
MAC004277,Std,1350601200000,10.057,0.841,0.1475
MAC004278,Std,1350601200000,9.678,0.917,0.1215
MAC004279,Std,1350601200000,6.999,0.656,0.1105
MAC004280,Std,1350601200000,34.9060001,2.747,0.521
MAC004281,Std,1350601200000,5.489,0.395,0.0725
MAC000002,Std,1350687600000,17.5779999,1.4529999,0.229
MAC000003,Std,1350687600000,21.6670005,2.2030001,0.229
MAC000004,Std,1350687600000,1.613,0.206,0
MAC000006,Std,1350687600000,3.138,0.185,0.056
MAC000007,Std,1350687600000,11.597,1.171,0.16
MAC000008,Std,1350687600000,18.657,0.901,0.29
MAC000009,Std,1350687600000,7.242,0.518,0.136
MAC000010,Std,1350687600000,28.4059999,1.612,0.468
MAC000012,Std,1350687600000,1.209,0.055,0.028
MAC000013,Std,1350687600000,5.156,0.196,0.114
MAC000016,Std,1350687600000,0.148,0.01,0
MAC000018,Std,1350687600000,11.95,0.696,0.161
MAC000019,Std,1350687600000,3.644,0.134,0.078
MAC000020,Std,1350687600000,5.474,0.589,0.078
MAC000021,Std,1350687600000,17.041,0.485,0.354
MAC000022,Std,1350687600000,10.581,0.598,0.182
MAC000023,Std,1350687600000,16.733,1.6799999,0.254
MAC000024,Std,1350687600000,15.576,1.368,0.17
MAC000025,Std,1350687600000,4.456,1.296,0.027
MAC000026,Std,1350687600000,7.743,0.217,0.146
MAC000027,Std,1350687600000,12.829,0.662,0.242
MAC000028,Std,1350687600000,5.844,0.215,0.115
MAC000029,Std,1350687600000,5.555,1.734,0.056
MAC000030,Std,1350687600000,23.8990002,1.5190001,0.265
MAC000032,Std,1350687600000,7.929,0.933,0.08
MAC000033,Std,1350687600000,8.151,0.729,0.116
MAC000034,Std,1350687600000,5.536,0.406,0.087
MAC000035,Std,1350687600000,16.525,0.877,0.297
MAC000036,Std,1350687600000,2.812,0.241,0.043
MAC000037,Std,1350687600000,0,0,0
MAC000038,Std,1350687600000,7.819,0.529,0.129
MAC000039,Std,1350687600000,7.214,0.685,0.1
MAC000040,Std,1350687600000,17.023,0.936,0.309
MAC000041,Std,1350687600000,8.253,0.749,0.111
MAC000042,Std,1350687600000,12.727,0.834,0.146
MAC000043,Std,1350687600000,3.65,0.204,0.05
MAC000045,Std,1350687600000,24.685,1.638,0.337
MAC000047,Std,1350687600000,6.029,0.236,0.145
MAC000049,Std,1350687600000,43.5549999,3.391,0.635
MAC000050,Std,1350687600000,24.756,1.756,0.249
MAC000053,Std,1350687600000,4.215,0.195,0.07
MAC000054,Std,1350687600000,7.933,0.453,0.131
MAC000055,Std,1350687600000,18.147,1.272,0.28
MAC000056,Std,1350687600000,7.366,0.418,0.154
MAC000057,Std,1350687600000,17.432,1.189,0.245
MAC000058,Std,1350687600000,2.938,0.171,0.05
MAC000059,Std,1350687600000,20.412,1.054,0.404
MAC000060,Std,1350687600000,10.694,0.75,0.2
MAC000061,Std,1350687600000,8.842,0.489,0.225
MAC000062,Std,1350687600000,11.271,0.688,0.211
MAC000063,Std,1350687600000,9.374,0.811,0.129
MAC000066,Std,1350687600000,2.472,0.067,0.049
MAC000067,Std,1350687600000,10.253,0.569,0.215
MAC000068,Std,1350687600000,18.952,0.947,0.393
MAC000069,Std,1350687600000,7.131,0.29,0.138
MAC000326,Std,1350687600000,3.905,0.305,0.068
MAC000327,Std,1350687600000,15.11,1.103,0.223
MAC000329,Std,1350687600000,12.134,0.857,0.256
MAC000330,Std,1350687600000,5.999,0.436,0.114
MAC000331,Std,1350687600000,18.0510001,2.767,0.11
MAC000332,Std,1350687600000,10.855,0.781,0.154
MAC000333,Std,1350687600000,4.371,0.297,0.066
MAC000334,Std,1350687600000,4.499,0.227,0.088
MAC000335,Std,1350687600000,8.268,0.427,0.099
MAC000337,Std,1350687600000,2.762,0.166,0.048
MAC000338,Std,1350687600000,13.79,1.233,0.183
MAC000340,Std,1350687600000,10.14,0.973,0.138
MAC000341,Std,1350687600000,9.905,0.951,0.183
MAC000343,Std,1350687600000,13.091,1.387,0.165
MAC000345,Std,1350687600000,9.183,0.726,0.134
MAC000346,Std,1350687600000,7.87,0.62,0.118
MAC000347,Std,1350687600000,5.346,0.349,0.082
MAC000348,Std,1350687600000,4.998,0.475,0.097
MAC000349,Std,1350687600000,8.0840001,1.0140001,0.099
MAC000350,Std,1350687600000,8.025,1.475,0.136
MAC000351,Std,1350687600000,8.652,0.913,0.096
MAC000353,Std,1350687600000,6.078,0.782,0.086
MAC000355,Std,1350687600000,12.207,0.915,0.141
MAC000356,Std,1350687600000,14.99,1.42,0.171
MAC000357,Std,1350687600000,13.98,0.532,0.256
MAC000358,Std,1350687600000,44.3849997,2.4549999,0.698
MAC000359,Std,1350687600000,11.061,0.935,0.171
MAC000360,Std,1350687600000,12.401,0.758,0.187
MAC000361,Std,1350687600000,11.049,1.183,0.193
MAC000362,Std,1350687600000,3.7,0.231,0.059
MAC000363,Std,1350687600000,5.027,0.858,0.062
MAC004268,Std,1350687600000,3.713,0.388,0.067
MAC004269,Std,1350687600000,9.69,0.447,0.168
MAC004271,Std,1350687600000,10.76,0.471,0.142
MAC004272,Std,1350687600000,9.653,1.108,0.081
MAC004273,Std,1350687600000,7.699,0.956,0.106
MAC004274,Std,1350687600000,4.435,0.391,0.063
MAC004275,Std,1350687600000,15.414,1.594,0.221
MAC004276,Std,1350687600000,6.408,0.195,0.133
MAC004277,Std,1350687600000,8.173,0.365,0.153
MAC004278,Std,1350687600000,8.457,0.654,0.13
MAC004279,Std,1350687600000,6.643,0.597,0.088
MAC004280,Std,1350687600000,23.888,1.605,0.401
MAC004281,Std,1350687600000,6.498,0.353,0.106
MAC000002,Std,1350774000000,24.4900001,2.1600001,0.385
MAC000003,Std,1350774000000,20.247,2.234,0.1695
MAC000004,Std,1350774000000,1.671,0.217,0
MAC000006,Std,1350774000000,2.857,0.187,0.055
MAC000007,Std,1350774000000,10.585,1.775,0.138
MAC000008,Std,1350774000000,19.993,1.102,0.313
MAC000009,Std,1350774000000,9.075,1.296,0.167
MAC000010,Std,1350774000000,25.253,2.391,0.277
MAC000012,Std,1350774000000,1.137,0.055,0.0195
MAC000013,Std,1350774000000,6.571,0.301,0.121
MAC000016,Std,1350774000000,0.147,0.01,0
MAC000018,Std,1350774000000,10.729,0.69,0.134
MAC000019,Std,1350774000000,3.455,0.131,0.079
MAC000020,Std,1350774000000,7.866,0.778,0.105
MAC000021,Std,1350774000000,19.96,0.866,0.396
MAC000022,Std,1350774000000,11.216,0.866,0.188
MAC000023,Std,1350774000000,20.806,1.623,0.393
MAC000024,Std,1350774000000,21.9839998,3.2539999,0.163
MAC000025,Std,1350774000000,3.928,1.228,0.025
MAC000026,Std,1350774000000,11.696,0.7,0.181
MAC000027,Std,1350774000000,11.224,0.555,0.223
MAC000028,Std,1350774000000,6.416,0.288,0.1185
MAC000029,Std,1350774000000,5.676,1.472,0.0555
MAC000030,Std,1350774000000,21.236,1.775,0.375
MAC000032,Std,1350774000000,8.926,0.793,0.1855
MAC000033,Std,1350774000000,7.142,0.402,0.1345
MAC000034,Std,1350774000000,6.466,0.29,0.1115
MAC000035,Std,1350774000000,34.5550004,2.1830001,0.6085
MAC000036,Std,1350774000000,2.438,0.234,0.04
MAC000037,Std,1350774000000,0.011,0.007,0
MAC000038,Std,1350774000000,17.651,1.943,0.249
MAC000039,Std,1350774000000,13.045,1.771,0.112
MAC000040,Std,1350774000000,16.347,0.587,0.3245
MAC000041,Std,1350774000000,10.983,0.684,0.179
MAC000042,Std,1350774000000,11.245,1.546,0.1165
MAC000043,Std,1350774000000,3.522,0.235,0.0505
MAC000045,Std,1350774000000,31.4470002,2.4779999,0.4935
MAC000047,Std,1350774000000,5.989,0.249,0.1395
MAC000049,Std,1350774000000,55.5599995,3.892,0.8165
MAC000050,Std,1350774000000,29.648,1.982,0.5935
MAC000053,Std,1350774000000,8.99,0.727,0.084
MAC000054,Std,1350774000000,10.748,0.685,0.2345
MAC000055,Std,1350774000000,7.8,0.603,0.1365
MAC000056,Std,1350774000000,6.386,0.357,0.1415
MAC000057,Std,1350774000000,9.32,0.532,0.182
MAC000058,Std,1350774000000,2.397,0.224,0.0325
MAC000059,Std,1350774000000,15.076,0.527,0.281
MAC000060,Std,1350774000000,9.413,0.679,0.1235
MAC000061,Std,1350774000000,4.92,0.376,0.0575
MAC000062,Std,1350774000000,14.568,1.028,0.286
MAC000063,Std,1350774000000,13.258,0.997,0.189
MAC000066,Std,1350774000000,2.423,0.066,0.05
MAC000067,Std,1350774000000,10.225,0.5,0.1945
MAC000068,Std,1350774000000,19.095,1.477,0.344
MAC000069,Std,1350774000000,7.97,0.27,0.169
MAC000326,Std,1350774000000,2.92,0.224,0.064
MAC000327,Std,1350774000000,15.6690001,1.232,0.2015
MAC000329,Std,1350774000000,10.139,1.038,0.1965
MAC000330,Std,1350774000000,6.282,0.311,0.124
MAC000331,Std,1350774000000,16.2020001,2.783,0.1205
MAC000332,Std,1350774000000,8.248,0.587,0.119
MAC000333,Std,1350774000000,4.379,0.284,0.0835
MAC000334,Std,1350774000000,5.228,0.559,0.091
MAC000335,Std,1350774000000,7.779,0.497,0.104
MAC000337,Std,1350774000000,3.07,0.179,0.07
MAC000338,Std,1350774000000,12.2920001,1.1210001,0.2035
MAC000340,Std,1350774000000,7.234,0.614,0.118
MAC000341,Std,1350774000000,13.4630001,1.197,0.1925
MAC000343,Std,1350774000000,5.066,0.453,0.093
MAC000345,Std,1350774000000,16.31,1.312,0.189
MAC000346,Std,1350774000000,14.6,1.341,0.2045
MAC000347,Std,1350774000000,6.024,0.462,0.0845
MAC000348,Std,1350774000000,5.487,0.315,0.101
MAC000349,Std,1350774000000,18.1559999,1.475,0.242
MAC000350,Std,1350774000000,8.271,1.351,0.1475
MAC000351,Std,1350774000000,6.483,0.639,0.0915
MAC000353,Std,1350774000000,6.681,0.535,0.112
MAC000355,Std,1350774000000,10.975,0.627,0.137
MAC000356,Std,1350774000000,9.877,1.098,0.1335
MAC000357,Std,1350774000000,14.81,1.591,0.253
MAC000358,Std,1350774000000,67.9030002,4.1960001,1.3555
MAC000359,Std,1350774000000,19.562,1.752,0.176
MAC000360,Std,1350774000000,12.995,0.946,0.1755
MAC000361,Std,1350774000000,10.817,1.127,0.125
MAC000362,Std,1350774000000,5.455,0.744,0.0745
MAC000363,Std,1350774000000,2.958,0.329,0.0545
MAC004268,Std,1350774000000,2.599,0.098,0.05
MAC004269,Std,1350774000000,11.241,0.992,0.164
MAC004271,Std,1350774000000,14.9770001,1.2970001,0.1505
MAC004272,Std,1350774000000,10.972,0.995,0.205
MAC004273,Std,1350774000000,7.875,0.889,0.1235
MAC004274,Std,1350774000000,3.906,0.31,0.062
MAC004275,Std,1350774000000,11.973,1.099,0.217
MAC004276,Std,1350774000000,7.723,0.767,0.1295
MAC004277,Std,1350774000000,7.563,0.35,0.136
MAC004278,Std,1350774000000,5.618,0.439,0.1045
MAC004279,Std,1350774000000,9.328,0.941,0.12
MAC004280,Std,1350774000000,23.115,1.992,0.344
MAC004281,Std,1350774000000,6.931,0.539,0.1315
